trace_id,scenario,iteration,span_id,parent_span_id,service,operation,span_kind,start_time_utc,duration_ms,http_method,http_route,http_status,error
006ab76ca4e0f1fb2e18e5ae92b636ae,search_d_train,2,e6abe14405d93bf8,9e351f1fd92f7f60,ts-travel2-service,find ts.trip,client,2026-08-27T17:29:25.176169+00:00,13.486,,,,false
006ab76ca4e0f1fb2e18e5ae92b636ae,search_d_train,2,9e351f1fd92f7f60,1ca03c12f866080b,ts-travel2-service,TripRepository.findAll,internal,2026-08-27T17:29:25.156141+00:00,47.881,,,,false
006ab76ca4e0f1fb2e18e5ae92b636ae,search_d_train,2,43abe10c60090d7e,1ca03c12f866080b,ts-travel2-service,GET,client,2026-08-27T17:29:24.999069+00:00,59.405,GET,,200,false
006ab76ca4e0f1fb2e18e5ae92b636ae,search_d_train,2,64cbff3d92b9c04e,1ca03c12f866080b,ts-travel2-service,GET,client,2026-08-27T17:29:25.082577+00:00,47.093,GET,,200,false
006ab76ca4e0f1fb2e18e5ae92b636ae,search_d_train,2,baa370a33cd6b422,1ca03c12f866080b,ts-travel2-service,GET,client,2026-08-27T17:29:25.216418+00:00,33.382,GET,,200,false
006ab76ca4e0f1fb2e18e5ae92b636ae,search_d_train,2,88f52b5c229875ee,1ca03c12f866080b,ts-travel2-service,GET,client,2026-08-27T17:29:25.303545+00:00,18.744,GET,,200,false
006ab76ca4e0f1fb2e18e5ae92b636ae,search_d_train,2,fde9e5fa1968dd56,1ca03c12f866080b,ts-travel2-service,GET,client,2026-08-27T17:29:25.353900+00:00,19.632,GET,,200,false
006ab76ca4e0f1fb2e18e5ae92b636ae,search_d_train,2,860870ff7ae8284f,1ca03c12f866080b,ts-travel2-service,GET,client,2026-08-27T17:29:25.413691+00:00,18.129,GET,,200,false
006ab76ca4e0f1fb2e18e5ae92b636ae,search_d_train,2,b9b9dea49a3b30ae,2258a79a18078792,ts-ticketinfo-service,GET,client,2026-08-27T17:29:25.018662+00:00,27.026,GET,,200,false
006ab76ca4e0f1fb2e18e5ae92b636ae,search_d_train,2,506eb0a4e205f62c,be274d7d23858cde,ts-ticketinfo-service,GET,client,2026-08-27T17:29:25.099717+00:00,21.279,GET,,200,false
006ab76ca4e0f1fb2e18e5ae92b636ae,search_d_train,2,2258a79a18078792,43abe10c60090d7e,ts-ticketinfo-service,GET /api/v1/ticketinfoservice/ticketinfo/{name},server,2026-08-27T17:29:25.007000+00:00,40.53,GET,/api/v1/ticketinfoservice/ticketinfo/{name},200,false
006ab76ca4e0f1fb2e18e5ae92b636ae,search_d_train,2,be274d7d23858cde,64cbff3d92b9c04e,ts-ticketinfo-service,GET /api/v1/ticketinfoservice/ticketinfo/{name},server,2026-08-27T17:29:25.098000+00:00,25.66,GET,/api/v1/ticketinfoservice/ticketinfo/{name},200,false
006ab76ca4e0f1fb2e18e5ae92b636ae,search_d_train,2,23689c080a8efbeb,21d553036aa11504,ts-station-service,StationRepository.findByName,internal,2026-08-27T17:29:25.029713+00:00,1.996,,,,false
006ab76ca4e0f1fb2e18e5ae92b636ae,search_d_train,2,7434440bef204508,79a688efac58cec6,ts-station-service,StationRepository.findByName,internal,2026-08-27T17:29:25.116273+00:00,1.694,,,,false
006ab76ca4e0f1fb2e18e5ae92b636ae,search_d_train,2,b43d9d72c3f82450,23689c080a8efbeb,ts-station-service,find ts.station,client,2026-08-27T17:29:25.030516+00:00,0.897,,,,false
006ab76ca4e0f1fb2e18e5ae92b636ae,search_d_train,2,0c12b22322a317bf,7434440bef204508,ts-station-service,find ts.station,client,2026-08-27T17:29:25.116999+00:00,0.74,,,,false
006ab76ca4e0f1fb2e18e5ae92b636ae,search_d_train,2,21d553036aa11504,c9459e29937e71ad,ts-station-service,GET /api/v1/stationservice/stations/id/{stationNameForId},server,2026-08-27T17:29:25.028000+00:00,6.662,GET,/api/v1/stationservice/stations/id/{stationNameForId},200,false
006ab76ca4e0f1fb2e18e5ae92b636ae,search_d_train,2,79a688efac58cec6,a2f26cacd6347c14,ts-station-service,GET /api/v1/stationservice/stations/id/{stationNameForId},server,2026-08-27T17:29:25.113000+00:00,5.963,GET,/api/v1/stationservice/stations/id/{stationNameForId},200,false
006ab76ca4e0f1fb2e18e5ae92b636ae,search_d_train,2,c9459e29937e71ad,12e8b0bf1903935e,ts-basic-service,GET,client,2026-08-27T17:29:25.027369+00:00,6.999,GET,,200,false
006ab76ca4e0f1fb2e18e5ae92b636ae,search_d_train,2,a2f26cacd6347c14,ca94234ec56fb7a9,ts-basic-service,GET,client,2026-08-27T17:29:25.111485+00:00,6.427,GET,,200,false
006ab76ca4e0f1fb2e18e5ae92b636ae,search_d_train,2,12e8b0bf1903935e,b9b9dea49a3b30ae,ts-basic-service,GET /api/v1/basicservice/basic/{stationName},server,2026-08-27T17:29:25.023000+00:00,23.135,GET,/api/v1/basicservice/basic/{stationName},200,false
006ab76ca4e0f1fb2e18e5ae92b636ae,search_d_train,2,ca94234ec56fb7a9,506eb0a4e205f62c,ts-basic-service,GET /api/v1/basicservice/basic/{stationName},server,2026-08-27T17:29:25.103000+00:00,18.182,GET,/api/v1/basicservice/basic/{stationName},200,false
006ab76ca4e0f1fb2e18e5ae92b636ae,search_d_train,2,97d012c88c3aff21,aa9bb7fc1abdbda3,ts-route-service,find ts.routes,client,2026-08-27T17:29:25.246026+00:00,0.48,,,,false
006ab76ca4e0f1fb2e18e5ae92b636ae,search_d_train,2,769e43219b46c34e,9c837942ee0eef56,ts-route-service,find ts.routes,client,2026-08-27T17:29:25.313330+00:00,0.98,,,,false
006ab76ca4e0f1fb2e18e5ae92b636ae,search_d_train,2,0dd4e72cb141c021,d58cffa254a76bb9,ts-route-service,find ts.routes,client,2026-08-27T17:29:25.357175+00:00,0.831,,,,false
006ab76ca4e0f1fb2e18e5ae92b636ae,search_d_train,2,c2890542af9a8760,037cfdd99f40d982,ts-route-service,find ts.routes,client,2026-08-27T17:29:25.426587+00:00,2.065,,,,false
006ab76ca4e0f1fb2e18e5ae92b636ae,search_d_train,2,3b12c207efed097b,131972ca9e5b08be,ts-route-service,find ts.routes,client,2026-08-27T17:29:25.503866+00:00,1.22,,,,false
006ab76ca4e0f1fb2e18e5ae92b636ae,search_d_train,2,f4be1b99afdb09b6,baa370a33cd6b422,ts-route-service,GET /api/v1/routeservice/routes/{routeId},server,2026-08-27T17:29:25.244000+00:00,3.481,GET,/api/v1/routeservice/routes/{routeId},200,false
006ab76ca4e0f1fb2e18e5ae92b636ae,search_d_train,2,ef55d5ada51381a4,88f52b5c229875ee,ts-route-service,GET /api/v1/routeservice/routes/{routeId},server,2026-08-27T17:29:25.309000+00:00,6.509,GET,/api/v1/routeservice/routes/{routeId},200,false
006ab76ca4e0f1fb2e18e5ae92b636ae,search_d_train,2,47db38cbf4e2b587,fde9e5fa1968dd56,ts-route-service,GET /api/v1/routeservice/routes/{routeId},server,2026-08-27T17:29:25.355000+00:00,4.454,GET,/api/v1/routeservice/routes/{routeId},200,false
006ab76ca4e0f1fb2e18e5ae92b636ae,search_d_train,2,6fbb3fdf86a99e79,860870ff7ae8284f,ts-route-service,GET /api/v1/routeservice/routes/{routeId},server,2026-08-27T17:29:25.421000+00:00,10.385,GET,/api/v1/routeservice/routes/{routeId},200,false
006ab76ca4e0f1fb2e18e5ae92b636ae,search_d_train,2,23f0a091350d0438,634d7b200bc8231f,ts-route-service,GET /api/v1/routeservice/routes/{routeId},server,2026-08-27T17:29:25.497000+00:00,11.167,GET,/api/v1/routeservice/routes/{routeId},200,false
006ab76ca4e0f1fb2e18e5ae92b636ae,search_d_train,2,aa9bb7fc1abdbda3,f4be1b99afdb09b6,ts-route-service,RouteRepository.findById,internal,2026-08-27T17:29:25.245425+00:00,1.288,,,,false
006ab76ca4e0f1fb2e18e5ae92b636ae,search_d_train,2,9c837942ee0eef56,ef55d5ada51381a4,ts-route-service,RouteRepository.findById,internal,2026-08-27T17:29:25.312173+00:00,2.457,,,,false
006ab76ca4e0f1fb2e18e5ae92b636ae,search_d_train,2,d58cffa254a76bb9,47db38cbf4e2b587,ts-route-service,RouteRepository.findById,internal,2026-08-27T17:29:25.356461+00:00,1.828,,,,false
006ab76ca4e0f1fb2e18e5ae92b636ae,search_d_train,2,037cfdd99f40d982,6fbb3fdf86a99e79,ts-route-service,RouteRepository.findById,internal,2026-08-27T17:29:25.423834+00:00,5.385,,,,false
006ab76ca4e0f1fb2e18e5ae92b636ae,search_d_train,2,131972ca9e5b08be,23f0a091350d0438,ts-route-service,RouteRepository.findById,internal,2026-08-27T17:29:25.500031+00:00,5.532,,,,false
006ab76ca4e0f1fb2e18e5ae92b636ae,search_d_train,2,1ca03c12f866080b,d175dc540c7e6526,ts-travel2-service,POST /api/v1/travel2service/trips/left,server,2026-08-27T17:29:24.900000+00:00,731.053,POST,/api/v1/travel2service/trips/left,200,false
006ab76ca4e0f1fb2e18e5ae92b636ae,search_d_train,2,634d7b200bc8231f,1ca03c12f866080b,ts-travel2-service,GET,client,2026-08-27T17:29:25.492967+00:00,15.592,GET,,200,false
075fbc0d69d459c13590a9bd0247a9ec,search_g_train,2,c20065ade79a95b9,0940a99803793a5c,ts-route-service,find ts.routes,client,2026-08-27T17:29:15.389229+00:00,2.335,,,,false
075fbc0d69d459c13590a9bd0247a9ec,search_g_train,2,a8ed8fd82ff853b0,92f764dbcf56d67d,ts-route-service,GET /api/v1/routeservice/routes/{routeId},server,2026-08-27T17:29:15.385000+00:00,12.115,GET,/api/v1/routeservice/routes/{routeId},200,false
075fbc0d69d459c13590a9bd0247a9ec,search_g_train,2,0940a99803793a5c,a8ed8fd82ff853b0,ts-route-service,RouteRepository.findById,internal,2026-08-27T17:29:15.386746+00:00,5.755,,,,false
075fbc0d69d459c13590a9bd0247a9ec,search_g_train,2,e46a147dbe5ba5d0,b982bb2896507b57,ts-ticketinfo-service,GET,client,2026-08-27T17:29:15.033697+00:00,28.406,GET,,200,false
075fbc0d69d459c13590a9bd0247a9ec,search_g_train,2,3be03e1c5d545649,6b6428726faa85d7,ts-ticketinfo-service,GET,client,2026-08-27T17:29:15.115276+00:00,189.001,GET,,200,false
075fbc0d69d459c13590a9bd0247a9ec,search_g_train,2,b982bb2896507b57,3b2364daf9f86e36,ts-ticketinfo-service,GET /api/v1/ticketinfoservice/ticketinfo/{name},server,2026-08-27T17:29:15.020000+00:00,56.729,GET,/api/v1/ticketinfoservice/ticketinfo/{name},200,false
075fbc0d69d459c13590a9bd0247a9ec,search_g_train,2,6b6428726faa85d7,04d42207b50d0f16,ts-ticketinfo-service,GET /api/v1/ticketinfoservice/ticketinfo/{name},server,2026-08-27T17:29:15.082000+00:00,297.418,GET,/api/v1/ticketinfoservice/ticketinfo/{name},200,false
075fbc0d69d459c13590a9bd0247a9ec,search_g_train,2,c43420f66aca7540,caab99f410732815,ts-basic-service,GET,client,2026-08-27T17:29:15.044325+00:00,12.798,GET,,200,false
075fbc0d69d459c13590a9bd0247a9ec,search_g_train,2,42c0401327ae0a1f,7ed2e9554a11c53d,ts-basic-service,GET,client,2026-08-27T17:29:15.168946+00:00,24.0,GET,,200,false
075fbc0d69d459c13590a9bd0247a9ec,search_g_train,2,caab99f410732815,e46a147dbe5ba5d0,ts-basic-service,GET /api/v1/basicservice/basic/{stationName},server,2026-08-27T17:29:15.036000+00:00,27.178,GET,/api/v1/basicservice/basic/{stationName},200,false
075fbc0d69d459c13590a9bd0247a9ec,search_g_train,2,7ed2e9554a11c53d,3be03e1c5d545649,ts-basic-service,GET /api/v1/basicservice/basic/{stationName},server,2026-08-27T17:29:15.123000+00:00,169.331,GET,/api/v1/basicservice/basic/{stationName},200,false
075fbc0d69d459c13590a9bd0247a9ec,search_g_train,2,a60c1d76ee2afa78,440226169f2b143d,ts-station-service,StationRepository.findByName,internal,2026-08-27T17:29:15.051131+00:00,3.679,,,,false
075fbc0d69d459c13590a9bd0247a9ec,search_g_train,2,2c8a3c2361f86cdf,764889eba20983d7,ts-station-service,StationRepository.findByName,internal,2026-08-27T17:29:15.189646+00:00,2.285,,,,false
075fbc0d69d459c13590a9bd0247a9ec,search_g_train,2,20801bb9e02560db,a60c1d76ee2afa78,ts-station-service,find ts.station,client,2026-08-27T17:29:15.052658+00:00,1.574,,,,false
075fbc0d69d459c13590a9bd0247a9ec,search_g_train,2,2eeeb43588a05fa3,2c8a3c2361f86cdf,ts-station-service,find ts.station,client,2026-08-27T17:29:15.190382+00:00,1.09,,,,false
075fbc0d69d459c13590a9bd0247a9ec,search_g_train,2,440226169f2b143d,c43420f66aca7540,ts-station-service,GET /api/v1/stationservice/stations/id/{stationNameForId},server,2026-08-27T17:29:15.046000+00:00,11.817,GET,/api/v1/stationservice/stations/id/{stationNameForId},200,false
075fbc0d69d459c13590a9bd0247a9ec,search_g_train,2,764889eba20983d7,42c0401327ae0a1f,ts-station-service,GET /api/v1/stationservice/stations/id/{stationNameForId},server,2026-08-27T17:29:15.188000+00:00,6.171,GET,/api/v1/stationservice/stations/id/{stationNameForId},200,false
075fbc0d69d459c13590a9bd0247a9ec,search_g_train,2,cf46e6752f75f91e,f36070791ecb6f58,ts-train-service,find ts.trainType,client,2026-08-27T17:29:15.871182+00:00,1.366,,,,false
075fbc0d69d459c13590a9bd0247a9ec,search_g_train,2,effa8bef5fa7bef5,8a6ac2eb0e98223e,ts-train-service,find ts.trainType,client,2026-08-27T17:29:15.874267+00:00,8.891,,,,false
075fbc0d69d459c13590a9bd0247a9ec,search_g_train,2,f36070791ecb6f58,de041d4c294bb29e,ts-train-service,TrainTypeRepository.findById,internal,2026-08-27T17:29:15.865073+00:00,8.035,,,,false
075fbc0d69d459c13590a9bd0247a9ec,search_g_train,2,8a6ac2eb0e98223e,de041d4c294bb29e,ts-train-service,TrainTypeRepository.findById,internal,2026-08-27T17:29:15.873224+00:00,10.403,,,,false
075fbc0d69d459c13590a9bd0247a9ec,search_g_train,2,de041d4c294bb29e,804ce4423647daa2,ts-train-service,GET /api/v1/trainservice/trains/{id},server,2026-08-27T17:29:15.795000+00:00,100.371,GET,/api/v1/trainservice/trains/{id},200,false
075fbc0d69d459c13590a9bd0247a9ec,search_g_train,2,0777afc3653ae078,d0dccd05e15f5a57,ts-seat-service,GET,client,2026-08-27T17:29:16.403297+00:00,35.768,GET,,200,false
075fbc0d69d459c13590a9bd0247a9ec,search_g_train,2,7e41a9294d62b353,d0dccd05e15f5a57,ts-seat-service,POST,client,2026-08-27T17:29:16.458580+00:00,177.428,POST,,200,false
075fbc0d69d459c13590a9bd0247a9ec,search_g_train,2,22ee55e341c80fa3,d0dccd05e15f5a57,ts-seat-service,GET,client,2026-08-27T17:29:16.688383+00:00,143.927,GET,,200,false
075fbc0d69d459c13590a9bd0247a9ec,search_g_train,2,7ec8ff837fba9a4d,d0dccd05e15f5a57,ts-seat-service,GET,client,2026-08-27T17:29:16.872212+00:00,273.904,GET,,200,false
075fbc0d69d459c13590a9bd0247a9ec,search_g_train,2,d0dccd05e15f5a57,d0f5cd62a5ea3983,ts-seat-service,POST /api/v1/seatservice/seats/left_tickets,server,2026-08-27T17:29:16.373000+00:00,839.38,POST,/api/v1/seatservice/seats/left_tickets,200,false
075fbc0d69d459c13590a9bd0247a9ec,search_g_train,2,8adf951639219897,836987f8931f5012,ts-travel-service,find ts.trip,client,2026-08-27T17:29:15.381004+00:00,1.303,,,,false
075fbc0d69d459c13590a9bd0247a9ec,search_g_train,2,5024f5c90bd88a50,1d65c6dd8c186473,ts-travel-service,find ts.trip,client,2026-08-27T17:29:16.408204+00:00,1.33,,,,false
075fbc0d69d459c13590a9bd0247a9ec,search_g_train,2,a07a5504c32ceb30,072fb5d97fe11923,ts-travel-service,find ts.trip,client,2026-08-27T17:29:16.700352+00:00,0.729,,,,false
075fbc0d69d459c13590a9bd0247a9ec,search_g_train,2,836987f8931f5012,3f6df2853e41f11d,ts-travel-service,TripRepository.findAll,internal,2026-08-27T17:29:15.379976+00:00,2.833,,,,false
075fbc0d69d459c13590a9bd0247a9ec,search_g_train,2,1d65c6dd8c186473,75720328f699fb70,ts-travel-service,TripRepository.findByTripId,internal,2026-08-27T17:29:16.407173+00:00,2.887,,,,false
075fbc0d69d459c13590a9bd0247a9ec,search_g_train,2,072fb5d97fe11923,fc7cae71da844727,ts-travel-service,TripRepository.findByTripId,internal,2026-08-27T17:29:16.699455+00:00,1.978,,,,false
075fbc0d69d459c13590a9bd0247a9ec,search_g_train,2,75720328f699fb70,0777afc3653ae078,ts-travel-service,GET /api/v1/travelservice/routes/{tripId},server,2026-08-27T17:29:16.405000+00:00,32.505,GET,/api/v1/travelservice/routes/{tripId},200,false
075fbc0d69d459c13590a9bd0247a9ec,search_g_train,2,fc7cae71da844727,22ee55e341c80fa3,ts-travel-service,GET /api/v1/travelservice/train_types/{tripId},server,2026-08-27T17:29:16.698000+00:00,132.99,GET,/api/v1/travelservice/train_types/{tripId},200,false
075fbc0d69d459c13590a9bd0247a9ec,search_g_train,2,3b2364daf9f86e36,3f6df2853e41f11d,ts-travel-service,GET,client,2026-08-27T17:29:15.017477+00:00,58.857,GET,,200,false
075fbc0d69d459c13590a9bd0247a9ec,search_g_train,2,04d42207b50d0f16,3f6df2853e41f11d,ts-travel-service,GET,client,2026-08-27T17:29:15.078190+00:00,301.083,GET,,200,false
075fbc0d69d459c13590a9bd0247a9ec,search_g_train,2,92f764dbcf56d67d,3f6df2853e41f11d,ts-travel-service,GET,client,2026-08-27T17:29:15.383979+00:00,12.739,GET,,200,false
075fbc0d69d459c13590a9bd0247a9ec,search_g_train,2,109a18fc1a9d28e7,3f6df2853e41f11d,ts-travel-service,GET,client,2026-08-27T17:29:15.489418+00:00,16.547,GET,,200,false
075fbc0d69d459c13590a9bd0247a9ec,search_g_train,2,b6f1c3907864ee97,3f6df2853e41f11d,ts-travel-service,GET,client,2026-08-27T17:29:15.508264+00:00,27.036,GET,,200,false
075fbc0d69d459c13590a9bd0247a9ec,search_g_train,2,082b60e2d5fbd03f,3f6df2853e41f11d,ts-travel-service,GET,client,2026-08-27T17:29:15.537737+00:00,18.578,GET,,200,false
075fbc0d69d459c13590a9bd0247a9ec,search_g_train,2,9780b102cc6cc5fe,3f6df2853e41f11d,ts-travel-service,GET,client,2026-08-27T17:29:15.559015+00:00,30.975,GET,,200,false
075fbc0d69d459c13590a9bd0247a9ec,search_g_train,2,e237e686b63f81dd,3f6df2853e41f11d,ts-travel-service,POST,client,2026-08-27T17:29:15.595676+00:00,471.826,POST,,200,false
075fbc0d69d459c13590a9bd0247a9ec,search_g_train,2,a01c10c415afca7f,3f6df2853e41f11d,ts-travel-service,GET,client,2026-08-27T17:29:16.070767+00:00,71.691,GET,,200,false
075fbc0d69d459c13590a9bd0247a9ec,search_g_train,2,7c703e252cf2f1df,3f6df2853e41f11d,ts-travel-service,GET,client,2026-08-27T17:29:16.144883+00:00,110.318,GET,,200,false
075fbc0d69d459c13590a9bd0247a9ec,search_g_train,2,fa50b80a7da9d757,3f6df2853e41f11d,ts-travel-service,GET,client,2026-08-27T17:29:16.257025+00:00,108.839,GET,,200,false
075fbc0d69d459c13590a9bd0247a9ec,search_g_train,2,e08235884edac049,75720328f699fb70,ts-travel-service,GET,client,2026-08-27T17:29:16.410738+00:00,19.614,GET,,200,false
075fbc0d69d459c13590a9bd0247a9ec,search_g_train,2,7fe357a3c618212a,fc7cae71da844727,ts-travel-service,GET,client,2026-08-27T17:29:16.701731+00:00,126.954,GET,,200,false
075fbc0d69d459c13590a9bd0247a9ec,search_g_train,2,d0f5cd62a5ea3983,3f6df2853e41f11d,ts-travel-service,POST,client,2026-08-27T17:29:16.369136+00:00,841.129,POST,,200,false
075fbc0d69d459c13590a9bd0247a9ec,search_g_train,2,928ad54a429c76e0,3f6df2853e41f11d,ts-travel-service,GET,client,2026-08-27T17:29:17.212261+00:00,163.195,GET,,200,false
075fbc0d69d459c13590a9bd0247a9ec,search_g_train,2,0f315c609f6aa6d1,a7218dae9749056b,ts-price-service,find ts.price_config,client,2026-08-27T17:29:15.983925+00:00,1.078,,,,false
075fbc0d69d459c13590a9bd0247a9ec,search_g_train,2,a7218dae9749056b,94226484ac2b1538,ts-price-service,PriceConfigRepository.findByRouteIdAndTrainType,internal,2026-08-27T17:29:15.979512+00:00,6.001,,,,false
075fbc0d69d459c13590a9bd0247a9ec,search_g_train,2,94226484ac2b1538,5170ce2f6fc6af18,ts-price-service,GET /api/v1/priceservice/prices/{routeId}/{trainType},server,2026-08-27T17:29:15.926000+00:00,65.443,GET,/api/v1/priceservice/prices/{routeId}/{trainType},200,false
075fbc0d69d459c13590a9bd0247a9ec,search_g_train,2,dd8518c21b1f1839,a01c10c415afca7f,ts-order-service,GET /api/v1/orderservice/order/{travelDate}/{trainNumber},server,2026-08-27T17:29:16.073000+00:00,74.114,GET,/api/v1/orderservice/order/{travelDate}/{trainNumber},200,false
075fbc0d69d459c13590a9bd0247a9ec,search_g_train,2,c8a3ec18f5948e02,7e41a9294d62b353,ts-order-service,POST /api/v1/orderservice/order/tickets,server,2026-08-27T17:29:16.496000+00:00,137.094,POST,/api/v1/orderservice/order/tickets,200,false
075fbc0d69d459c13590a9bd0247a9ec,search_g_train,2,7c6e710c9be7ffc2,572c5632c7f463fe,ts-order-service,find ts.orders,client,2026-08-27T17:29:16.134613+00:00,1.432,,,,false
075fbc0d69d459c13590a9bd0247a9ec,search_g_train,2,8919d9954362bb88,cb9202a26bd9978b,ts-order-service,find ts.orders,client,2026-08-27T17:29:16.610463+00:00,1.041,,,,false
075fbc0d69d459c13590a9bd0247a9ec,search_g_train,2,572c5632c7f463fe,dd8518c21b1f1839,ts-order-service,OrderRepository.findByTravelDateAndTrainNumber,internal,2026-08-27T17:29:16.115621+00:00,22.76,,,,false
075fbc0d69d459c13590a9bd0247a9ec,search_g_train,2,cb9202a26bd9978b,c8a3ec18f5948e02,ts-order-service,OrderRepository.findByTravelDateAndTrainNumber,internal,2026-08-27T17:29:16.555288+00:00,56.4,,,,false
075fbc0d69d459c13590a9bd0247a9ec,search_g_train,2,1055162153099635,fe021cfec3c08af1,ts-basic-service,GET,client,2026-08-27T17:29:15.700885+00:00,24.201,GET,,200,false
075fbc0d69d459c13590a9bd0247a9ec,search_g_train,2,a46cd2018225fa3e,fe021cfec3c08af1,ts-basic-service,GET,client,2026-08-27T17:29:15.726256+00:00,42.749,GET,,200,false
075fbc0d69d459c13590a9bd0247a9ec,search_g_train,2,804ce4423647daa2,fe021cfec3c08af1,ts-basic-service,GET,client,2026-08-27T17:29:15.770343+00:00,122.72,GET,,200,false
075fbc0d69d459c13590a9bd0247a9ec,search_g_train,2,15741d7b7c6bd09a,fe021cfec3c08af1,ts-basic-service,GET,client,2026-08-27T17:29:15.897376+00:00,16.46,GET,,200,false
075fbc0d69d459c13590a9bd0247a9ec,search_g_train,2,5170ce2f6fc6af18,fe021cfec3c08af1,ts-basic-service,GET,client,2026-08-27T17:29:15.918529+00:00,72.869,GET,,200,false
075fbc0d69d459c13590a9bd0247a9ec,search_g_train,2,a060321a690fe30c,fe021cfec3c08af1,ts-basic-service,GET,client,2026-08-27T17:29:15.996955+00:00,34.592,GET,,200,false
075fbc0d69d459c13590a9bd0247a9ec,search_g_train,2,14cbb63e003f6657,fe021cfec3c08af1,ts-basic-service,GET,client,2026-08-27T17:29:16.033000+00:00,22.208,GET,,200,false
075fbc0d69d459c13590a9bd0247a9ec,search_g_train,2,429afe2a49af1a7f,34215053ce082131,ts-basic-service,GET,client,2026-08-27T17:29:16.159586+00:00,23.805,GET,,200,false
075fbc0d69d459c13590a9bd0247a9ec,search_g_train,2,ff2d47b1f61fd440,406e3216d2b46eb9,ts-basic-service,GET,client,2026-08-27T17:29:16.334541+00:00,16.902,GET,,200,false
075fbc0d69d459c13590a9bd0247a9ec,search_g_train,2,c75b13122ea31698,b060b7b8b6eae813,ts-basic-service,GET,client,2026-08-27T17:29:17.322744+00:00,38.975,GET,,200,false
075fbc0d69d459c13590a9bd0247a9ec,search_g_train,2,7f0ac63c663a1da7,9e74679914e7fb47,ts-basic-service,GET,client,2026-08-27T17:29:17.456408+00:00,25.068,GET,,200,false
075fbc0d69d459c13590a9bd0247a9ec,search_g_train,2,fe021cfec3c08af1,ab501489e7558c51,ts-basic-service,POST /api/v1/basicservice/basic/travel,server,2026-08-27T17:29:15.696000+00:00,362.928,POST,/api/v1/basicservice/basic/travel,200,false
075fbc0d69d459c13590a9bd0247a9ec,search_g_train,2,34215053ce082131,ad6313bd8af8ab96,ts-basic-service,GET /api/v1/basicservice/basic/{stationName},server,2026-08-27T17:29:16.157000+00:00,92.185,GET,/api/v1/basicservice/basic/{stationName},200,false
075fbc0d69d459c13590a9bd0247a9ec,search_g_train,2,406e3216d2b46eb9,7a6d3a52e28dae19,ts-basic-service,GET /api/v1/basicservice/basic/{stationName},server,2026-08-27T17:29:16.269000+00:00,84.94,GET,/api/v1/basicservice/basic/{stationName},200,false
075fbc0d69d459c13590a9bd0247a9ec,search_g_train,2,b060b7b8b6eae813,581ee8c35676d10a,ts-basic-service,GET /api/v1/basicservice/basic/{stationName},server,2026-08-27T17:29:17.321000+00:00,51.054,GET,/api/v1/basicservice/basic/{stationName},200,false
075fbc0d69d459c13590a9bd0247a9ec,search_g_train,2,9e74679914e7fb47,312ff0de6b5fe0e7,ts-basic-service,GET /api/v1/basicservice/basic/{stationName},server,2026-08-27T17:29:17.445000+00:00,40.53,GET,/api/v1/basicservice/basic/{stationName},200,false
075fbc0d69d459c13590a9bd0247a9ec,search_g_train,2,f257a4b4f45d9df0,6b0ec27fe2dfc1a4,ts-route-service,find ts.routes,client,2026-08-27T17:29:15.502518+00:00,1.638,,,,false
075fbc0d69d459c13590a9bd0247a9ec,search_g_train,2,be7194eeb823a844,e494fec8f7a29248,ts-route-service,find ts.routes,client,2026-08-27T17:29:15.532801+00:00,0.829,,,,false
075fbc0d69d459c13590a9bd0247a9ec,search_g_train,2,9e52ed16d9bbd9b6,5031dd7ef134e6df,ts-route-service,find ts.routes,client,2026-08-27T17:29:15.551170+00:00,2.216,,,,false
075fbc0d69d459c13590a9bd0247a9ec,search_g_train,2,7d4126be1a0fa7b0,de4f1df099f67e39,ts-route-service,find ts.routes,client,2026-08-27T17:29:15.583671+00:00,1.931,,,,false
075fbc0d69d459c13590a9bd0247a9ec,search_g_train,2,e98ae6ced95b4248,aaf4b6d1e7678eb1,ts-route-service,find ts.routes,client,2026-08-27T17:29:15.900528+00:00,0.855,,,,false
075fbc0d69d459c13590a9bd0247a9ec,search_g_train,2,433c54d7e2153365,6d609d991d0a4b8c,ts-route-service,find ts.routes,client,2026-08-27T17:29:16.428265+00:00,0.93,,,,false
075fbc0d69d459c13590a9bd0247a9ec,search_g_train,2,2358941cf53d5d2e,7ed7ab742da43dc4,ts-route-service,find ts.routes,client,2026-08-27T17:29:18.064335+00:00,1.114,,,,false
075fbc0d69d459c13590a9bd0247a9ec,search_g_train,2,ba9e7e54d0160b59,109a18fc1a9d28e7,ts-route-service,GET /api/v1/routeservice/routes/{routeId},server,2026-08-27T17:29:15.500000+00:00,5.568,GET,/api/v1/routeservice/routes/{routeId},200,false
075fbc0d69d459c13590a9bd0247a9ec,search_g_train,2,33b1a7a6172d9250,b6f1c3907864ee97,ts-route-service,GET /api/v1/routeservice/routes/{routeId},server,2026-08-27T17:29:15.510000+00:00,28.642,GET,/api/v1/routeservice/routes/{routeId},200,false
075fbc0d69d459c13590a9bd0247a9ec,search_g_train,2,acf3a14887e33bc0,082b60e2d5fbd03f,ts-route-service,GET /api/v1/routeservice/routes/{routeId},server,2026-08-27T17:29:15.538000+00:00,17.885,GET,/api/v1/routeservice/routes/{routeId},200,false
075fbc0d69d459c13590a9bd0247a9ec,search_g_train,2,b6b408e7ae489b35,9780b102cc6cc5fe,ts-route-service,GET /api/v1/routeservice/routes/{routeId},server,2026-08-27T17:29:15.566000+00:00,23.952,GET,/api/v1/routeservice/routes/{routeId},200,false
075fbc0d69d459c13590a9bd0247a9ec,search_g_train,2,0c05d32414f02f35,15741d7b7c6bd09a,ts-route-service,GET /api/v1/routeservice/routes/{routeId},server,2026-08-27T17:29:15.898000+00:00,15.511,GET,/api/v1/routeservice/routes/{routeId},200,false
075fbc0d69d459c13590a9bd0247a9ec,search_g_train,2,2e951cfe6fee9711,e08235884edac049,ts-route-service,GET /api/v1/routeservice/routes/{routeId},server,2026-08-27T17:29:16.413000+00:00,28.693,GET,/api/v1/routeservice/routes/{routeId},200,false
075fbc0d69d459c13590a9bd0247a9ec,search_g_train,2,eac497a5d1e8535a,c4c99ee6cdc1b0e4,ts-route-service,GET /api/v1/routeservice/routes/{routeId},server,2026-08-27T17:29:18.062000+00:00,7.358,GET,/api/v1/routeservice/routes/{routeId},200,false
075fbc0d69d459c13590a9bd0247a9ec,search_g_train,2,6b0ec27fe2dfc1a4,ba9e7e54d0160b59,ts-route-service,RouteRepository.findById,internal,2026-08-27T17:29:15.501580+00:00,2.869,,,,false
075fbc0d69d459c13590a9bd0247a9ec,search_g_train,2,e494fec8f7a29248,33b1a7a6172d9250,ts-route-service,RouteRepository.findById,internal,2026-08-27T17:29:15.517598+00:00,16.372,,,,false
075fbc0d69d459c13590a9bd0247a9ec,search_g_train,2,5031dd7ef134e6df,acf3a14887e33bc0,ts-route-service,RouteRepository.findById,internal,2026-08-27T17:29:15.549557+00:00,4.427,,,,false
075fbc0d69d459c13590a9bd0247a9ec,search_g_train,2,de4f1df099f67e39,b6b408e7ae489b35,ts-route-service,RouteRepository.findById,internal,2026-08-27T17:29:15.567952+00:00,18.618,,,,false
075fbc0d69d459c13590a9bd0247a9ec,search_g_train,2,aaf4b6d1e7678eb1,0c05d32414f02f35,ts-route-service,RouteRepository.findById,internal,2026-08-27T17:29:15.899632+00:00,2.349,,,,false
075fbc0d69d459c13590a9bd0247a9ec,search_g_train,2,6d609d991d0a4b8c,2e951cfe6fee9711,ts-route-service,RouteRepository.findById,internal,2026-08-27T17:29:16.427204+00:00,2.281,,,,false
075fbc0d69d459c13590a9bd0247a9ec,search_g_train,2,7ed7ab742da43dc4,eac497a5d1e8535a,ts-route-service,RouteRepository.findById,internal,2026-08-27T17:29:18.063585+00:00,2.213,,,,false
075fbc0d69d459c13590a9bd0247a9ec,search_g_train,2,e71785adf2be702c,f1074a220ab4f94c,ts-station-service,StationRepository.findByName,internal,2026-08-27T17:29:15.719339+00:00,3.676,,,,false
075fbc0d69d459c13590a9bd0247a9ec,search_g_train,2,8cbd91b228d9aa10,1dcfa0c7d0962cb9,ts-station-service,StationRepository.findByName,internal,2026-08-27T17:29:15.762967+00:00,4.481,,,,false
075fbc0d69d459c13590a9bd0247a9ec,search_g_train,2,1953aa6105ad3f40,2131bbd053181fc0,ts-station-service,StationRepository.findByName,internal,2026-08-27T17:29:16.022298+00:00,5.36,,,,false
075fbc0d69d459c13590a9bd0247a9ec,search_g_train,2,22534909144faddd,3ddfe5f3d19abc8c,ts-station-service,StationRepository.findByName,internal,2026-08-27T17:29:16.044009+00:00,2.527,,,,false
075fbc0d69d459c13590a9bd0247a9ec,search_g_train,2,c1b9c24547368d2c,f95237e341662e6e,ts-station-service,StationRepository.findByName,internal,2026-08-27T17:29:16.163529+00:00,2.916,,,,false
075fbc0d69d459c13590a9bd0247a9ec,search_g_train,2,a566c26aa3d8c128,ae7472f3f3b189fe,ts-station-service,StationRepository.findByName,internal,2026-08-27T17:29:16.346797+00:00,3.74,,,,false
075fbc0d69d459c13590a9bd0247a9ec,search_g_train,2,2570817caf4126b8,7b151aca39e527c1,ts-station-service,StationRepository.findByName,internal,2026-08-27T17:29:17.358080+00:00,1.922,,,,false
075fbc0d69d459c13590a9bd0247a9ec,search_g_train,2,e7859f28d1e3d7e5,7fa1813bd36366b8,ts-station-service,StationRepository.findByName,internal,2026-08-27T17:29:17.476027+00:00,3.276,,,,false
075fbc0d69d459c13590a9bd0247a9ec,search_g_train,2,2b595ca1615c8dfd,e71785adf2be702c,ts-station-service,find ts.station,client,2026-08-27T17:29:15.721020+00:00,1.442,,,,false
075fbc0d69d459c13590a9bd0247a9ec,search_g_train,2,f9784e81748fc669,8cbd91b228d9aa10,ts-station-service,find ts.station,client,2026-08-27T17:29:15.765142+00:00,1.502,,,,false
075fbc0d69d459c13590a9bd0247a9ec,search_g_train,2,18032209b35928cd,1953aa6105ad3f40,ts-station-service,find ts.station,client,2026-08-27T17:29:16.024784+00:00,2.032,,,,false
075fbc0d69d459c13590a9bd0247a9ec,search_g_train,2,204eb8e34f4f3676,22534909144faddd,ts-station-service,find ts.station,client,2026-08-27T17:29:16.045136+00:00,0.991,,,,false
075fbc0d69d459c13590a9bd0247a9ec,search_g_train,2,627a8f147e25d100,c1b9c24547368d2c,ts-station-service,find ts.station,client,2026-08-27T17:29:16.164861+00:00,0.987,,,,false
075fbc0d69d459c13590a9bd0247a9ec,search_g_train,2,5f1b9236a8e891f9,a566c26aa3d8c128,ts-station-service,find ts.station,client,2026-08-27T17:29:16.348112+00:00,1.928,,,,false
075fbc0d69d459c13590a9bd0247a9ec,search_g_train,2,85caffc6e3b3a1b4,2570817caf4126b8,ts-station-service,find ts.station,client,2026-08-27T17:29:17.358890+00:00,0.749,,,,false
075fbc0d69d459c13590a9bd0247a9ec,search_g_train,2,aea16857243ae014,e7859f28d1e3d7e5,ts-station-service,find ts.station,client,2026-08-27T17:29:17.477515+00:00,1.2,,,,false
075fbc0d69d459c13590a9bd0247a9ec,search_g_train,2,f1074a220ab4f94c,1055162153099635,ts-station-service,GET /api/v1/stationservice/stations/id/{stationNameForId},server,2026-08-27T17:29:15.702000+00:00,22.934,GET,/api/v1/stationservice/stations/id/{stationNameForId},200,false
075fbc0d69d459c13590a9bd0247a9ec,search_g_train,2,1dcfa0c7d0962cb9,a46cd2018225fa3e,ts-station-service,GET /api/v1/stationservice/stations/id/{stationNameForId},server,2026-08-27T17:29:15.727000+00:00,42.0,GET,/api/v1/stationservice/stations/id/{stationNameForId},200,false
075fbc0d69d459c13590a9bd0247a9ec,search_g_train,2,2131bbd053181fc0,a060321a690fe30c,ts-station-service,GET /api/v1/stationservice/stations/id/{stationNameForId},server,2026-08-27T17:29:15.998000+00:00,33.219,GET,/api/v1/stationservice/stations/id/{stationNameForId},200,false
075fbc0d69d459c13590a9bd0247a9ec,search_g_train,2,3ddfe5f3d19abc8c,14cbb63e003f6657,ts-station-service,GET /api/v1/stationservice/stations/id/{stationNameForId},server,2026-08-27T17:29:16.034000+00:00,21.429,GET,/api/v1/stationservice/stations/id/{stationNameForId},200,false
075fbc0d69d459c13590a9bd0247a9ec,search_g_train,2,f95237e341662e6e,429afe2a49af1a7f,ts-station-service,GET /api/v1/stationservice/stations/id/{stationNameForId},server,2026-08-27T17:29:16.161000+00:00,20.645,GET,/api/v1/stationservice/stations/id/{stationNameForId},200,false
075fbc0d69d459c13590a9bd0247a9ec,search_g_train,2,ae7472f3f3b189fe,ff2d47b1f61fd440,ts-station-service,GET /api/v1/stationservice/stations/id/{stationNameForId},server,2026-08-27T17:29:16.336000+00:00,16.74,GET,/api/v1/stationservice/stations/id/{stationNameForId},200,false
075fbc0d69d459c13590a9bd0247a9ec,search_g_train,2,7b151aca39e527c1,c75b13122ea31698,ts-station-service,GET /api/v1/stationservice/stations/id/{stationNameForId},server,2026-08-27T17:29:17.331000+00:00,33.908,GET,/api/v1/stationservice/stations/id/{stationNameForId},200,false
075fbc0d69d459c13590a9bd0247a9ec,search_g_train,2,7fa1813bd36366b8,7f0ac63c663a1da7,ts-station-service,GET /api/v1/stationservice/stations/id/{stationNameForId},server,2026-08-27T17:29:17.462000+00:00,19.802,GET,/api/v1/stationservice/stations/id/{stationNameForId},200,false
075fbc0d69d459c13590a9bd0247a9ec,search_g_train,2,ab501489e7558c51,96b9a7d5c9cc6fd3,ts-ticketinfo-service,POST,client,2026-08-27T17:29:15.676201+00:00,381.582,POST,,200,false
075fbc0d69d459c13590a9bd0247a9ec,search_g_train,2,ad6313bd8af8ab96,dfe72d48c0d09259,ts-ticketinfo-service,GET,client,2026-08-27T17:29:16.155599+00:00,91.24,GET,,200,false
075fbc0d69d459c13590a9bd0247a9ec,search_g_train,2,7a6d3a52e28dae19,f9277c731a85432f,ts-ticketinfo-service,GET,client,2026-08-27T17:29:16.267520+00:00,96.328,GET,,200,false
075fbc0d69d459c13590a9bd0247a9ec,search_g_train,2,581ee8c35676d10a,c615f068875a314e,ts-ticketinfo-service,GET,client,2026-08-27T17:29:17.319340+00:00,52.367,GET,,200,false
075fbc0d69d459c13590a9bd0247a9ec,search_g_train,2,312ff0de6b5fe0e7,806fd3065cbecd0b,ts-ticketinfo-service,GET,client,2026-08-27T17:29:17.436619+00:00,48.394,GET,,200,false
075fbc0d69d459c13590a9bd0247a9ec,search_g_train,2,96b9a7d5c9cc6fd3,e237e686b63f81dd,ts-ticketinfo-service,POST /api/v1/ticketinfoservice/ticketinfo,server,2026-08-27T17:29:15.607000+00:00,460.398,POST,/api/v1/ticketinfoservice/ticketinfo,200,false
075fbc0d69d459c13590a9bd0247a9ec,search_g_train,2,dfe72d48c0d09259,7c703e252cf2f1df,ts-ticketinfo-service,GET /api/v1/ticketinfoservice/ticketinfo/{name},server,2026-08-27T17:29:16.147000+00:00,109.507,GET,/api/v1/ticketinfoservice/ticketinfo/{name},200,false
075fbc0d69d459c13590a9bd0247a9ec,search_g_train,2,f9277c731a85432f,fa50b80a7da9d757,ts-ticketinfo-service,GET /api/v1/ticketinfoservice/ticketinfo/{name},server,2026-08-27T17:29:16.259000+00:00,107.981,GET,/api/v1/ticketinfoservice/ticketinfo/{name},200,false
075fbc0d69d459c13590a9bd0247a9ec,search_g_train,2,c615f068875a314e,928ad54a429c76e0,ts-ticketinfo-service,GET /api/v1/ticketinfoservice/ticketinfo/{name},server,2026-08-27T17:29:17.261000+00:00,114.23,GET,/api/v1/ticketinfoservice/ticketinfo/{name},200,false
075fbc0d69d459c13590a9bd0247a9ec,search_g_train,2,806fd3065cbecd0b,655d49cf8b5c0256,ts-ticketinfo-service,GET /api/v1/ticketinfoservice/ticketinfo/{name},server,2026-08-27T17:29:17.379000+00:00,150.399,GET,/api/v1/ticketinfoservice/ticketinfo/{name},200,false
075fbc0d69d459c13590a9bd0247a9ec,search_g_train,2,ff38c0f5799a99f4,1d9c2a7f50bbb9c2,ts-order-service,POST /api/v1/orderservice/order/tickets,server,2026-08-27T17:29:18.466000+00:00,417.783,POST,/api/v1/orderservice/order/tickets,200,false
075fbc0d69d459c13590a9bd0247a9ec,search_g_train,2,52a70b19a3e61bd3,93f678fcaa537e43,ts-order-service,find ts.orders,client,2026-08-27T17:29:18.765100+00:00,20.842,,,,false
075fbc0d69d459c13590a9bd0247a9ec,search_g_train,2,93f678fcaa537e43,ff38c0f5799a99f4,ts-order-service,OrderRepository.findByTravelDateAndTrainNumber,internal,2026-08-27T17:29:18.626584+00:00,159.684,,,,false
075fbc0d69d459c13590a9bd0247a9ec,search_g_train,2,6ed7d8b28d3633a7,8a6b15c7e5904204,ts-travel-service,find ts.trip,client,2026-08-27T17:29:18.025272+00:00,2.214,,,,false
075fbc0d69d459c13590a9bd0247a9ec,search_g_train,2,6f90ffb777e6dcaa,8fe38f2d10f69dae,ts-travel-service,find ts.trip,client,2026-08-27T17:29:18.942479+00:00,1.833,,,,false
075fbc0d69d459c13590a9bd0247a9ec,search_g_train,2,8a6b15c7e5904204,46db879135d331c4,ts-travel-service,TripRepository.findByTripId,internal,2026-08-27T17:29:18.023067+00:00,5.187,,,,false
075fbc0d69d459c13590a9bd0247a9ec,search_g_train,2,8fe38f2d10f69dae,c4c3e965eb3f0660,ts-travel-service,TripRepository.findByTripId,internal,2026-08-27T17:29:18.930779+00:00,13.956,,,,false
075fbc0d69d459c13590a9bd0247a9ec,search_g_train,2,46db879135d331c4,26253c35b406df72,ts-travel-service,GET /api/v1/travelservice/routes/{tripId},server,2026-08-27T17:29:18.019000+00:00,60.098,GET,/api/v1/travelservice/routes/{tripId},200,false
075fbc0d69d459c13590a9bd0247a9ec,search_g_train,2,c4c3e965eb3f0660,ab34ebc365bfa834,ts-travel-service,GET /api/v1/travelservice/train_types/{tripId},server,2026-08-27T17:29:18.928000+00:00,166.854,GET,/api/v1/travelservice/train_types/{tripId},200,false
075fbc0d69d459c13590a9bd0247a9ec,search_g_train,2,3f6df2853e41f11d,e3e220aa8a88c52b,ts-travel-service,POST /api/v1/travelservice/trips/left,server,2026-08-27T17:29:15.009000+00:00,4435.692,POST,/api/v1/travelservice/trips/left,200,false
075fbc0d69d459c13590a9bd0247a9ec,search_g_train,2,655d49cf8b5c0256,3f6df2853e41f11d,ts-travel-service,GET,client,2026-08-27T17:29:17.377071+00:00,149.875,GET,,200,false
075fbc0d69d459c13590a9bd0247a9ec,search_g_train,2,c4c99ee6cdc1b0e4,46db879135d331c4,ts-travel-service,GET,client,2026-08-27T17:29:18.029722+00:00,37.275,GET,,200,false
075fbc0d69d459c13590a9bd0247a9ec,search_g_train,2,b5b56107f6c4bd8c,c4c3e965eb3f0660,ts-travel-service,GET,client,2026-08-27T17:29:18.945210+00:00,139.566,GET,,200,false
075fbc0d69d459c13590a9bd0247a9ec,search_g_train,2,d5366821ac36cf3b,3f6df2853e41f11d,ts-travel-service,POST,client,2026-08-27T17:29:17.529819+00:00,1779.406,POST,,200,false
075fbc0d69d459c13590a9bd0247a9ec,search_g_train,2,d9bc018b5938c90e,3f6df2853e41f11d,ts-travel-service,GET,client,2026-08-27T17:29:19.310656+00:00,126.772,GET,,200,false
075fbc0d69d459c13590a9bd0247a9ec,search_g_train,2,26253c35b406df72,d68cca06ee388af7,ts-seat-service,GET,client,2026-08-27T17:29:18.005227+00:00,74.092,GET,,200,false
075fbc0d69d459c13590a9bd0247a9ec,search_g_train,2,1d9c2a7f50bbb9c2,d68cca06ee388af7,ts-seat-service,POST,client,2026-08-27T17:29:18.296788+00:00,547.725,POST,,200,false
075fbc0d69d459c13590a9bd0247a9ec,search_g_train,2,ab34ebc365bfa834,d68cca06ee388af7,ts-seat-service,GET,client,2026-08-27T17:29:18.910985+00:00,182.274,GET,,200,false
075fbc0d69d459c13590a9bd0247a9ec,search_g_train,2,43ac415873476815,d68cca06ee388af7,ts-seat-service,GET,client,2026-08-27T17:29:19.130337+00:00,156.587,GET,,200,false
075fbc0d69d459c13590a9bd0247a9ec,search_g_train,2,d68cca06ee388af7,d5366821ac36cf3b,ts-seat-service,POST /api/v1/seatservice/seats/left_tickets,server,2026-08-27T17:29:17.591000+00:00,1720.125,POST,/api/v1/seatservice/seats/left_tickets,200,false
075fbc0d69d459c13590a9bd0247a9ec,search_g_train,2,0daef054992b1a88,a09f52cff9fa333c,ts-config-service,find ts.config,client,2026-08-27T17:29:17.101319+00:00,1.591,,,,false
075fbc0d69d459c13590a9bd0247a9ec,search_g_train,2,d55080f9ec536cd1,ad51da8ce1087351,ts-config-service,find ts.config,client,2026-08-27T17:29:19.281530+00:00,1.439,,,,false
075fbc0d69d459c13590a9bd0247a9ec,search_g_train,2,450de2fcd34fa668,7ec8ff837fba9a4d,ts-config-service,GET /api/v1/configservice/configs/{configName},server,2026-08-27T17:29:16.874000+00:00,276.946,GET,/api/v1/configservice/configs/{configName},200,false
075fbc0d69d459c13590a9bd0247a9ec,search_g_train,2,efe23df6582d43bf,43ac415873476815,ts-config-service,GET /api/v1/configservice/configs/{configName},server,2026-08-27T17:29:19.174000+00:00,113.661,GET,/api/v1/configservice/configs/{configName},200,false
075fbc0d69d459c13590a9bd0247a9ec,search_g_train,2,a09f52cff9fa333c,450de2fcd34fa668,ts-config-service,ConfigRepository.findByName,internal,2026-08-27T17:29:16.962062+00:00,141.611,,,,false
075fbc0d69d459c13590a9bd0247a9ec,search_g_train,2,ad51da8ce1087351,efe23df6582d43bf,ts-config-service,ConfigRepository.findByName,internal,2026-08-27T17:29:19.279226+00:00,4.159,,,,false
075fbc0d69d459c13590a9bd0247a9ec,search_g_train,2,ef47242833f92803,9814a92734ad8b10,ts-train-service,find ts.trainType,client,2026-08-27T17:29:16.777758+00:00,4.582,,,,false
075fbc0d69d459c13590a9bd0247a9ec,search_g_train,2,8e4202c3d4965b6b,b7a40834ef76d531,ts-train-service,find ts.trainType,client,2026-08-27T17:29:16.799475+00:00,12.911,,,,false
075fbc0d69d459c13590a9bd0247a9ec,search_g_train,2,bcb93291ae4d2ebd,43dbdffca7b18a36,ts-train-service,find ts.trainType,client,2026-08-27T17:29:19.050649+00:00,12.918,,,,false
075fbc0d69d459c13590a9bd0247a9ec,search_g_train,2,e4b647ee949f12b0,f5bb9876ac7bb14f,ts-train-service,find ts.trainType,client,2026-08-27T17:29:19.070999+00:00,1.294,,,,false
075fbc0d69d459c13590a9bd0247a9ec,search_g_train,2,6638a7bd28bf2d2d,6e13504662c096cb,ts-train-service,find ts.trainType,client,2026-08-27T17:29:19.407209+00:00,1.457,,,,false
075fbc0d69d459c13590a9bd0247a9ec,search_g_train,2,5fb9420f4eaab5f3,1624cff43ca0b932,ts-train-service,find ts.trainType,client,2026-08-27T17:29:19.412660+00:00,3.451,,,,false
075fbc0d69d459c13590a9bd0247a9ec,search_g_train,2,9814a92734ad8b10,632ac11862701e47,ts-train-service,TrainTypeRepository.findById,internal,2026-08-27T17:29:16.761987+00:00,22.108,,,,false
075fbc0d69d459c13590a9bd0247a9ec,search_g_train,2,b7a40834ef76d531,632ac11862701e47,ts-train-service,TrainTypeRepository.findById,internal,2026-08-27T17:29:16.784280+00:00,28.869,,,,false
075fbc0d69d459c13590a9bd0247a9ec,search_g_train,2,43dbdffca7b18a36,7bd67bd5df71a236,ts-train-service,TrainTypeRepository.findById,internal,2026-08-27T17:29:19.026562+00:00,39.164,,,,false
075fbc0d69d459c13590a9bd0247a9ec,search_g_train,2,f5bb9876ac7bb14f,7bd67bd5df71a236,ts-train-service,TrainTypeRepository.findById,internal,2026-08-27T17:29:19.065919+00:00,6.731,,,,false
075fbc0d69d459c13590a9bd0247a9ec,search_g_train,2,6e13504662c096cb,7f6f0c9b589d090a,ts-train-service,TrainTypeRepository.findById,internal,2026-08-27T17:29:19.403639+00:00,5.506,,,,false
075fbc0d69d459c13590a9bd0247a9ec,search_g_train,2,1624cff43ca0b932,7f6f0c9b589d090a,ts-train-service,TrainTypeRepository.findById,internal,2026-08-27T17:29:19.409247+00:00,10.164,,,,false
075fbc0d69d459c13590a9bd0247a9ec,search_g_train,2,632ac11862701e47,7fe357a3c618212a,ts-train-service,GET /api/v1/trainservice/trains/{id},server,2026-08-27T17:29:16.703000+00:00,150.131,GET,/api/v1/trainservice/trains/{id},200,false
075fbc0d69d459c13590a9bd0247a9ec,search_g_train,2,7bd67bd5df71a236,b5b56107f6c4bd8c,ts-train-service,GET /api/v1/trainservice/trains/{id},server,2026-08-27T17:29:18.962000+00:00,200.081,GET,/api/v1/trainservice/trains/{id},200,false
075fbc0d69d459c13590a9bd0247a9ec,search_g_train,2,7f6f0c9b589d090a,d9bc018b5938c90e,ts-train-service,GET /api/v1/trainservice/trains/{id},server,2026-08-27T17:29:19.321000+00:00,121.87,GET,/api/v1/trainservice/trains/{id},200,false
0ec1f635bdf9dad51557bcba443a37bd,search_d_train,3,79ed5f8b39e60c65,4ef9b8d38941f6a9,ts-ticketinfo-service,GET,client,2026-08-27T17:29:25.796731+00:00,24.205,GET,,200,false
0ec1f635bdf9dad51557bcba443a37bd,search_d_train,3,dd19a71b94be4f8d,604ea604d757611f,ts-ticketinfo-service,GET,client,2026-08-27T17:29:25.860670+00:00,78.315,GET,,200,false
0ec1f635bdf9dad51557bcba443a37bd,search_d_train,3,4ef9b8d38941f6a9,090332d42945cb2f,ts-ticketinfo-service,GET /api/v1/ticketinfoservice/ticketinfo/{name},server,2026-08-27T17:29:25.767000+00:00,58.156,GET,/api/v1/ticketinfoservice/ticketinfo/{name},200,false
0ec1f635bdf9dad51557bcba443a37bd,search_d_train,3,604ea604d757611f,d4579be88b0a800a,ts-ticketinfo-service,GET /api/v1/ticketinfoservice/ticketinfo/{name},server,2026-08-27T17:29:25.854000+00:00,91.337,GET,/api/v1/ticketinfoservice/ticketinfo/{name},200,false
0ec1f635bdf9dad51557bcba443a37bd,search_d_train,3,adc37aa6da5af351,ce205ba70f207296,ts-station-service,StationRepository.findByName,internal,2026-08-27T17:29:25.809675+00:00,1.906,,,,false
0ec1f635bdf9dad51557bcba443a37bd,search_d_train,3,f8c3d3c02856b8db,9e950cf453f3eda2,ts-station-service,StationRepository.findByName,internal,2026-08-27T17:29:25.927151+00:00,4.441,,,,false
0ec1f635bdf9dad51557bcba443a37bd,search_d_train,3,f1d69478252f4977,adc37aa6da5af351,ts-station-service,find ts.station,client,2026-08-27T17:29:25.810296+00:00,0.952,,,,false
0ec1f635bdf9dad51557bcba443a37bd,search_d_train,3,c94dd4926e7f59a2,f8c3d3c02856b8db,ts-station-service,find ts.station,client,2026-08-27T17:29:25.928600+00:00,2.069,,,,false
0ec1f635bdf9dad51557bcba443a37bd,search_d_train,3,ce205ba70f207296,7f6aeacf3d5c46cb,ts-station-service,GET /api/v1/stationservice/stations/id/{stationNameForId},server,2026-08-27T17:29:25.801000+00:00,11.795,GET,/api/v1/stationservice/stations/id/{stationNameForId},200,false
0ec1f635bdf9dad51557bcba443a37bd,search_d_train,3,9e950cf453f3eda2,c62c2b31c20ec2a2,ts-station-service,GET /api/v1/stationservice/stations/id/{stationNameForId},server,2026-08-27T17:29:25.864000+00:00,74.807,GET,/api/v1/stationservice/stations/id/{stationNameForId},200,false
0ec1f635bdf9dad51557bcba443a37bd,search_d_train,3,7f6aeacf3d5c46cb,402a0cb989d846b7,ts-basic-service,GET,client,2026-08-27T17:29:25.799300+00:00,12.881,GET,,200,false
0ec1f635bdf9dad51557bcba443a37bd,search_d_train,3,c62c2b31c20ec2a2,32b03bf48043714e,ts-basic-service,GET,client,2026-08-27T17:29:25.863249+00:00,73.099,GET,,200,false
0ec1f635bdf9dad51557bcba443a37bd,search_d_train,3,402a0cb989d846b7,79ed5f8b39e60c65,ts-basic-service,GET /api/v1/basicservice/basic/{stationName},server,2026-08-27T17:29:25.797000+00:00,23.903,GET,/api/v1/basicservice/basic/{stationName},200,false
0ec1f635bdf9dad51557bcba443a37bd,search_d_train,3,32b03bf48043714e,dd19a71b94be4f8d,ts-basic-service,GET /api/v1/basicservice/basic/{stationName},server,2026-08-27T17:29:25.862000+00:00,78.92,GET,/api/v1/basicservice/basic/{stationName},200,false
0ec1f635bdf9dad51557bcba443a37bd,search_d_train,3,868969e6bbab1947,34ecfa31b5f0ffc5,ts-route-service,find ts.routes,client,2026-08-27T17:29:25.986630+00:00,0.541,,,,false
0ec1f635bdf9dad51557bcba443a37bd,search_d_train,3,963ba1ba69dd560b,6430792bd70647eb,ts-route-service,find ts.routes,client,2026-08-27T17:29:26.116278+00:00,1.042,,,,false
0ec1f635bdf9dad51557bcba443a37bd,search_d_train,3,46153ed7cf456b38,dd319a56bec4f919,ts-route-service,find ts.routes,client,2026-08-27T17:29:26.161581+00:00,0.665,,,,false
0ec1f635bdf9dad51557bcba443a37bd,search_d_train,3,7484a5886f742b2e,f0737c5bb3fbba0b,ts-route-service,GET /api/v1/routeservice/routes/{routeId},server,2026-08-27T17:29:25.985000+00:00,3.056,GET,/api/v1/routeservice/routes/{routeId},200,false
0ec1f635bdf9dad51557bcba443a37bd,search_d_train,3,78565e322b35abb6,aaee1bf7cc769516,ts-route-service,GET /api/v1/routeservice/routes/{routeId},server,2026-08-27T17:29:26.111000+00:00,7.749,GET,/api/v1/routeservice/routes/{routeId},200,false
0ec1f635bdf9dad51557bcba443a37bd,search_d_train,3,34ecfa31b5f0ffc5,7484a5886f742b2e,ts-route-service,RouteRepository.findById,internal,2026-08-27T17:29:25.986065+00:00,1.272,,,,false
0ec1f635bdf9dad51557bcba443a37bd,search_d_train,3,6430792bd70647eb,78565e322b35abb6,ts-route-service,RouteRepository.findById,internal,2026-08-27T17:29:26.115184+00:00,2.408,,,,false
0ec1f635bdf9dad51557bcba443a37bd,search_d_train,3,dd319a56bec4f919,78610d527df30ca7,ts-route-service,RouteRepository.findById,internal,2026-08-27T17:29:26.160601+00:00,1.851,,,,false
0ec1f635bdf9dad51557bcba443a37bd,search_d_train,3,3283068534793400,e6084c437bd17f28,ts-travel2-service,find ts.trip,client,2026-08-27T17:29:25.959815+00:00,12.213,,,,false
0ec1f635bdf9dad51557bcba443a37bd,search_d_train,3,e6084c437bd17f28,2d03a81b1c679bce,ts-travel2-service,TripRepository.findAll,internal,2026-08-27T17:29:25.947686+00:00,27.529,,,,false
0ec1f635bdf9dad51557bcba443a37bd,search_d_train,3,2d03a81b1c679bce,3038952b4c2649b2,ts-travel2-service,POST /api/v1/travel2service/trips/left,server,2026-08-27T17:29:25.659000+00:00,817.597,POST,/api/v1/travel2service/trips/left,200,false
0ec1f635bdf9dad51557bcba443a37bd,search_d_train,3,090332d42945cb2f,2d03a81b1c679bce,ts-travel2-service,GET,client,2026-08-27T17:29:25.765347+00:00,58.489,GET,,200,false
0ec1f635bdf9dad51557bcba443a37bd,search_d_train,3,d4579be88b0a800a,2d03a81b1c679bce,ts-travel2-service,GET,client,2026-08-27T17:29:25.830864+00:00,112.356,GET,,200,false
0ec1f635bdf9dad51557bcba443a37bd,search_d_train,3,f0737c5bb3fbba0b,2d03a81b1c679bce,ts-travel2-service,GET,client,2026-08-27T17:29:25.977929+00:00,10.322,GET,,200,false
0ec1f635bdf9dad51557bcba443a37bd,search_d_train,3,aaee1bf7cc769516,2d03a81b1c679bce,ts-travel2-service,GET,client,2026-08-27T17:29:26.109124+00:00,16.927,GET,,200,false
0ec1f635bdf9dad51557bcba443a37bd,search_d_train,3,7ee49d72c03dccc5,2d03a81b1c679bce,ts-travel2-service,GET,client,2026-08-27T17:29:26.154605+00:00,8.137,GET,,200,false
0ec1f635bdf9dad51557bcba443a37bd,search_d_train,3,97df52617d46722b,2d03a81b1c679bce,ts-travel2-service,GET,client,2026-08-27T17:29:26.272414+00:00,15.18,GET,,200,false
0ec1f635bdf9dad51557bcba443a37bd,search_d_train,3,95f649fe99cd1ee2,2d03a81b1c679bce,ts-travel2-service,GET,client,2026-08-27T17:29:26.372255+00:00,22.035,GET,,200,false
0ec1f635bdf9dad51557bcba443a37bd,search_d_train,3,5969b48914f28f56,1b48955b0ce5342b,ts-route-service,find ts.routes,client,2026-08-27T17:29:26.285384+00:00,0.725,,,,false
0ec1f635bdf9dad51557bcba443a37bd,search_d_train,3,f4f48c3989f230b7,03c24905db8fac97,ts-route-service,find ts.routes,client,2026-08-27T17:29:26.379826+00:00,1.392,,,,false
0ec1f635bdf9dad51557bcba443a37bd,search_d_train,3,78610d527df30ca7,7ee49d72c03dccc5,ts-route-service,GET /api/v1/routeservice/routes/{routeId},server,2026-08-27T17:29:26.157000+00:00,6.394,GET,/api/v1/routeservice/routes/{routeId},200,false
0ec1f635bdf9dad51557bcba443a37bd,search_d_train,3,e31427c8b29fa13e,97df52617d46722b,ts-route-service,GET /api/v1/routeservice/routes/{routeId},server,2026-08-27T17:29:26.283000+00:00,5.141,GET,/api/v1/routeservice/routes/{routeId},200,false
0ec1f635bdf9dad51557bcba443a37bd,search_d_train,3,5d2fdcbc57b3a9cc,95f649fe99cd1ee2,ts-route-service,GET /api/v1/routeservice/routes/{routeId},server,2026-08-27T17:29:26.375000+00:00,9.281,GET,/api/v1/routeservice/routes/{routeId},200,false
0ec1f635bdf9dad51557bcba443a37bd,search_d_train,3,1b48955b0ce5342b,e31427c8b29fa13e,ts-route-service,RouteRepository.findById,internal,2026-08-27T17:29:26.284657+00:00,1.791,,,,false
0ec1f635bdf9dad51557bcba443a37bd,search_d_train,3,03c24905db8fac97,5d2fdcbc57b3a9cc,ts-route-service,RouteRepository.findById,internal,2026-08-27T17:29:26.378352+00:00,3.161,,,,false
2b11f61abb00fda449b380ad09a1df11,UNMATCHED,,f6fa17526c956e9d,f39f0adf41d45d74,ts-route-service,find ts.routes,client,2026-08-27T17:24:08.241398+00:00,6.17,,,,false
2b11f61abb00fda449b380ad09a1df11,UNMATCHED,,d01eaee5921273e7,0c5f498e4a0b5f59,ts-route-service,find ts.routes,client,2026-08-27T17:24:08.344420+00:00,1.305,,,,false
2b11f61abb00fda449b380ad09a1df11,UNMATCHED,,e1500151dff39b25,add5c77c25e91a3f,ts-route-service,find ts.routes,client,2026-08-27T17:24:08.554204+00:00,2.188,,,,false
2b11f61abb00fda449b380ad09a1df11,UNMATCHED,,ed50ab1829aa48c7,279445352f2a7d75,ts-route-service,find ts.routes,client,2026-08-27T17:24:08.609345+00:00,1.382,,,,false
2b11f61abb00fda449b380ad09a1df11,UNMATCHED,,78acb1129c3d75f6,f6b4b3730fee2ab2,ts-route-service,GET /api/v1/routeservice/routes/{routeId},server,2026-08-27T17:24:08.188000+00:00,63.523,GET,/api/v1/routeservice/routes/{routeId},200,false
2b11f61abb00fda449b380ad09a1df11,UNMATCHED,,9e505ab6575964d3,a2c3d971adf39568,ts-route-service,GET /api/v1/routeservice/routes/{routeId},server,2026-08-27T17:24:08.340000+00:00,7.423,GET,/api/v1/routeservice/routes/{routeId},200,false
2b11f61abb00fda449b380ad09a1df11,UNMATCHED,,47d5418b1b4113bf,0a7dd7a13e02b99b,ts-route-service,GET /api/v1/routeservice/routes/{routeId},server,2026-08-27T17:24:08.530000+00:00,32.8,GET,/api/v1/routeservice/routes/{routeId},200,false
2b11f61abb00fda449b380ad09a1df11,UNMATCHED,,95e976b6a7dfdfd2,d11de7ad05f19764,ts-route-service,GET /api/v1/routeservice/routes/{routeId},server,2026-08-27T17:24:08.604000+00:00,9.682,GET,/api/v1/routeservice/routes/{routeId},200,false
2b11f61abb00fda449b380ad09a1df11,UNMATCHED,,f39f0adf41d45d74,78acb1129c3d75f6,ts-route-service,RouteRepository.findById,internal,2026-08-27T17:24:08.213442+00:00,34.97,,,,false
2b11f61abb00fda449b380ad09a1df11,UNMATCHED,,0c5f498e4a0b5f59,9e505ab6575964d3,ts-route-service,RouteRepository.findById,internal,2026-08-27T17:24:08.343197+00:00,2.87,,,,false
2b11f61abb00fda449b380ad09a1df11,UNMATCHED,,add5c77c25e91a3f,47d5418b1b4113bf,ts-route-service,RouteRepository.findById,internal,2026-08-27T17:24:08.544789+00:00,12.452,,,,false
2b11f61abb00fda449b380ad09a1df11,UNMATCHED,,279445352f2a7d75,95e976b6a7dfdfd2,ts-route-service,RouteRepository.findById,internal,2026-08-27T17:24:08.607640+00:00,3.654,,,,false
2b11f61abb00fda449b380ad09a1df11,UNMATCHED,,a1a516a77032b21f,5c08b866be2d4099,ts-travel2-service,find ts.trip,client,2026-08-27T17:24:08.138776+00:00,19.453,,,,false
2b11f61abb00fda449b380ad09a1df11,UNMATCHED,,5c08b866be2d4099,99e82956e3455209,ts-travel2-service,TripRepository.findAll,internal,2026-08-27T17:24:08.124207+00:00,44.815,,,,false
2b11f61abb00fda449b380ad09a1df11,UNMATCHED,,514e05234eccbe11,99e82956e3455209,ts-travel2-service,GET,client,2026-08-27T17:24:07.897392+00:00,83.402,GET,,200,false
2b11f61abb00fda449b380ad09a1df11,UNMATCHED,,9f12cba929109bc8,99e82956e3455209,ts-travel2-service,GET,client,2026-08-27T17:24:07.988848+00:00,122.344,GET,,200,false
2b11f61abb00fda449b380ad09a1df11,UNMATCHED,,f6b4b3730fee2ab2,99e82956e3455209,ts-travel2-service,GET,client,2026-08-27T17:24:08.178489+00:00,73.022,GET,,200,false
2b11f61abb00fda449b380ad09a1df11,UNMATCHED,,a2c3d971adf39568,99e82956e3455209,ts-travel2-service,GET,client,2026-08-27T17:24:08.322459+00:00,70.496,GET,,200,false
2b11f61abb00fda449b380ad09a1df11,UNMATCHED,,0a7dd7a13e02b99b,99e82956e3455209,ts-travel2-service,GET,client,2026-08-27T17:24:08.518014+00:00,56.092,GET,,200,false
2b11f61abb00fda449b380ad09a1df11,UNMATCHED,,d11de7ad05f19764,99e82956e3455209,ts-travel2-service,GET,client,2026-08-27T17:24:08.599390+00:00,34.49,GET,,200,false
2b11f61abb00fda449b380ad09a1df11,UNMATCHED,,97b8352ca337e9ee,84ee3769e463a6d0,ts-route-service,find ts.routes,client,2026-08-27T17:24:08.708220+00:00,1.317,,,,false
2b11f61abb00fda449b380ad09a1df11,UNMATCHED,,7b525aaa20c8f59b,0c86909792247081,ts-route-service,GET /api/v1/routeservice/routes/{routeId},server,2026-08-27T17:24:08.696000+00:00,16.242,GET,/api/v1/routeservice/routes/{routeId},200,false
2b11f61abb00fda449b380ad09a1df11,UNMATCHED,,84ee3769e463a6d0,7b525aaa20c8f59b,ts-route-service,RouteRepository.findById,internal,2026-08-27T17:24:08.701037+00:00,9.098,,,,false
2b11f61abb00fda449b380ad09a1df11,UNMATCHED,,99e82956e3455209,9b985042743243f2,ts-travel2-service,POST /api/v1/travel2service/trips/left,server,2026-08-27T17:24:07.865000+00:00,909.105,POST,/api/v1/travel2service/trips/left,200,false
2b11f61abb00fda449b380ad09a1df11,UNMATCHED,,0c86909792247081,99e82956e3455209,ts-travel2-service,GET,client,2026-08-27T17:24:08.693317+00:00,34.78,GET,,200,false
2b11f61abb00fda449b380ad09a1df11,UNMATCHED,,9e3e3b7d4962796a,106974ff5450c7b5,ts-basic-service,GET,client,2026-08-27T17:24:07.951440+00:00,14.401,GET,,200,false
2b11f61abb00fda449b380ad09a1df11,UNMATCHED,,ede6a27e0eaa7f05,28f686ed0880df73,ts-basic-service,GET,client,2026-08-27T17:24:08.063398+00:00,10.852,GET,,200,false
2b11f61abb00fda449b380ad09a1df11,UNMATCHED,,106974ff5450c7b5,c2d5c0f422545e27,ts-basic-service,GET /api/v1/basicservice/basic/{stationName},server,2026-08-27T17:24:07.941000+00:00,41.851,GET,/api/v1/basicservice/basic/{stationName},200,false
2b11f61abb00fda449b380ad09a1df11,UNMATCHED,,28f686ed0880df73,6ca6555c63d8bf21,ts-basic-service,GET /api/v1/basicservice/basic/{stationName},server,2026-08-27T17:24:08.058000+00:00,20.16,GET,/api/v1/basicservice/basic/{stationName},200,false
2b11f61abb00fda449b380ad09a1df11,UNMATCHED,,c2d5c0f422545e27,fc16e8dd4abe3231,ts-ticketinfo-service,GET,client,2026-08-27T17:24:07.934997+00:00,37.501,GET,,200,false
2b11f61abb00fda449b380ad09a1df11,UNMATCHED,,6ca6555c63d8bf21,02a22c86f1e67a16,ts-ticketinfo-service,GET,client,2026-08-27T17:24:08.031925+00:00,64.434,GET,,200,false
2b11f61abb00fda449b380ad09a1df11,UNMATCHED,,fc16e8dd4abe3231,514e05234eccbe11,ts-ticketinfo-service,GET /api/v1/ticketinfoservice/ticketinfo/{name},server,2026-08-27T17:24:07.931000+00:00,74.916,GET,/api/v1/ticketinfoservice/ticketinfo/{name},200,false
2b11f61abb00fda449b380ad09a1df11,UNMATCHED,,02a22c86f1e67a16,9f12cba929109bc8,ts-ticketinfo-service,GET /api/v1/ticketinfoservice/ticketinfo/{name},server,2026-08-27T17:24:07.998000+00:00,124.693,GET,/api/v1/ticketinfoservice/ticketinfo/{name},200,false
2b11f61abb00fda449b380ad09a1df11,UNMATCHED,,8190165a89b98f97,ca67e7e0b5f47596,ts-station-service,StationRepository.findByName,internal,2026-08-27T17:24:07.960877+00:00,2.967,,,,false
2b11f61abb00fda449b380ad09a1df11,UNMATCHED,,2fb0d756efa26e19,eb2c60f2c05622fd,ts-station-service,StationRepository.findByName,internal,2026-08-27T17:24:08.069276+00:00,3.89,,,,false
2b11f61abb00fda449b380ad09a1df11,UNMATCHED,,f1fb4410667d9514,8190165a89b98f97,ts-station-service,find ts.station,client,2026-08-27T17:24:07.962339+00:00,1.13,,,,false
2b11f61abb00fda449b380ad09a1df11,UNMATCHED,,40b047c4a22ca661,2fb0d756efa26e19,ts-station-service,find ts.station,client,2026-08-27T17:24:08.070921+00:00,1.845,,,,false
2b11f61abb00fda449b380ad09a1df11,UNMATCHED,,ca67e7e0b5f47596,9e3e3b7d4962796a,ts-station-service,GET /api/v1/stationservice/stations/id/{stationNameForId},server,2026-08-27T17:24:07.956000+00:00,13.941,GET,/api/v1/stationservice/stations/id/{stationNameForId},200,false
2b11f61abb00fda449b380ad09a1df11,UNMATCHED,,eb2c60f2c05622fd,ede6a27e0eaa7f05,ts-station-service,GET /api/v1/stationservice/stations/id/{stationNameForId},server,2026-08-27T17:24:08.066000+00:00,8.383,GET,/api/v1/stationservice/stations/id/{stationNameForId},200,false
2d2861e6c6f60d48f6de5752254f3b1a,UNMATCHED,,b1f505128c75ebad,1f361c13147df76c,ts-ticketinfo-service,GET,client,2026-08-27T17:24:04.908532+00:00,83.07,GET,,200,false
2d2861e6c6f60d48f6de5752254f3b1a,UNMATCHED,,9e3b9b9771eed103,93e881ae586a3d68,ts-ticketinfo-service,GET,client,2026-08-27T17:24:05.056443+00:00,35.583,GET,,200,false
2d2861e6c6f60d48f6de5752254f3b1a,UNMATCHED,,1f361c13147df76c,41a4b67ec9ce0fc4,ts-ticketinfo-service,GET /api/v1/ticketinfoservice/ticketinfo/{name},server,2026-08-27T17:24:04.905000+00:00,92.596,GET,/api/v1/ticketinfoservice/ticketinfo/{name},200,false
2d2861e6c6f60d48f6de5752254f3b1a,UNMATCHED,,93e881ae586a3d68,b3be47896b741e8d,ts-ticketinfo-service,GET /api/v1/ticketinfoservice/ticketinfo/{name},server,2026-08-27T17:24:05.053000+00:00,68.088,GET,/api/v1/ticketinfoservice/ticketinfo/{name},200,false
2d2861e6c6f60d48f6de5752254f3b1a,UNMATCHED,,909a4e42dca113c7,f553e3b95154002d,ts-basic-service,GET,client,2026-08-27T17:24:04.925906+00:00,61.444,GET,,200,false
2d2861e6c6f60d48f6de5752254f3b1a,UNMATCHED,,d660b314fc524a52,80a7b2ab5a25e70d,ts-basic-service,GET,client,2026-08-27T17:24:05.071286+00:00,19.087,GET,,200,false
2d2861e6c6f60d48f6de5752254f3b1a,UNMATCHED,,f553e3b95154002d,b1f505128c75ebad,ts-basic-service,GET /api/v1/basicservice/basic/{stationName},server,2026-08-27T17:24:04.910000+00:00,80.54,GET,/api/v1/basicservice/basic/{stationName},200,false
2d2861e6c6f60d48f6de5752254f3b1a,UNMATCHED,,80a7b2ab5a25e70d,9e3b9b9771eed103,ts-basic-service,GET /api/v1/basicservice/basic/{stationName},server,2026-08-27T17:24:05.059000+00:00,35.686,GET,/api/v1/basicservice/basic/{stationName},200,false
2d2861e6c6f60d48f6de5752254f3b1a,UNMATCHED,,e2e242000ec0c68e,a5e7202bb202e9fd,ts-station-service,StationRepository.findByName,internal,2026-08-27T17:24:04.942723+00:00,42.989,,,,false
2d2861e6c6f60d48f6de5752254f3b1a,UNMATCHED,,cbf692c6fec747bb,f7b89c70376e11f2,ts-station-service,StationRepository.findByName,internal,2026-08-27T17:24:05.084649+00:00,3.826,,,,false
2d2861e6c6f60d48f6de5752254f3b1a,UNMATCHED,,11f91f54837a7331,e2e242000ec0c68e,ts-station-service,find ts.station,client,2026-08-27T17:24:04.944958+00:00,37.099,,,,false
2d2861e6c6f60d48f6de5752254f3b1a,UNMATCHED,,288f4656e44425f7,cbf692c6fec747bb,ts-station-service,find ts.station,client,2026-08-27T17:24:05.086143+00:00,1.588,,,,false
2d2861e6c6f60d48f6de5752254f3b1a,UNMATCHED,,a5e7202bb202e9fd,909a4e42dca113c7,ts-station-service,GET /api/v1/stationservice/stations/id/{stationNameForId},server,2026-08-27T17:24:04.934000+00:00,53.715,GET,/api/v1/stationservice/stations/id/{stationNameForId},200,false
2d2861e6c6f60d48f6de5752254f3b1a,UNMATCHED,,f7b89c70376e11f2,d660b314fc524a52,ts-station-service,GET /api/v1/stationservice/stations/id/{stationNameForId},server,2026-08-27T17:24:05.074000+00:00,19.2,GET,/api/v1/stationservice/stations/id/{stationNameForId},200,false
2d2861e6c6f60d48f6de5752254f3b1a,UNMATCHED,,748669f79a6e6743,cc9d640d98002db8,ts-route-service,find ts.routes,client,2026-08-27T17:24:05.220266+00:00,1.759,,,,false
2d2861e6c6f60d48f6de5752254f3b1a,UNMATCHED,,14898f63b8d6788e,24f198dac57eb5a2,ts-route-service,find ts.routes,client,2026-08-27T17:24:05.329585+00:00,2.236,,,,false
2d2861e6c6f60d48f6de5752254f3b1a,UNMATCHED,,e13319c48f10809b,c974b3b6390972ac,ts-route-service,find ts.routes,client,2026-08-27T17:24:05.399731+00:00,1.456,,,,false
2d2861e6c6f60d48f6de5752254f3b1a,UNMATCHED,,1c1d5d3f339b6ec3,ca2628f39ed47995,ts-route-service,find ts.routes,client,2026-08-27T17:24:05.450964+00:00,1.942,,,,false
2d2861e6c6f60d48f6de5752254f3b1a,UNMATCHED,,acb5d56dd597192e,d21030f7aa174af6,ts-route-service,find ts.routes,client,2026-08-27T17:24:05.493674+00:00,1.144,,,,false
2d2861e6c6f60d48f6de5752254f3b1a,UNMATCHED,,e0d5279531d46178,5d7ed303c2d5fcac,ts-route-service,GET /api/v1/routeservice/routes/{routeId},server,2026-08-27T17:24:05.209000+00:00,30.714,GET,/api/v1/routeservice/routes/{routeId},200,false
2d2861e6c6f60d48f6de5752254f3b1a,UNMATCHED,,884dbc6647963352,d70744b87033c20d,ts-route-service,GET /api/v1/routeservice/routes/{routeId},server,2026-08-27T17:24:05.323000+00:00,27.057,GET,/api/v1/routeservice/routes/{routeId},200,false
2d2861e6c6f60d48f6de5752254f3b1a,UNMATCHED,,0f8873596ca161a2,bac4b2d69fe76a9e,ts-route-service,GET /api/v1/routeservice/routes/{routeId},server,2026-08-27T17:24:05.393000+00:00,20.919,GET,/api/v1/routeservice/routes/{routeId},200,false
2d2861e6c6f60d48f6de5752254f3b1a,UNMATCHED,,f148c359858b7153,dd7911a153199b63,ts-route-service,GET /api/v1/routeservice/routes/{routeId},server,2026-08-27T17:24:05.425000+00:00,33.997,GET,/api/v1/routeservice/routes/{routeId},200,false
2d2861e6c6f60d48f6de5752254f3b1a,UNMATCHED,,b611a683dbfbe17a,0b924d18d301c3ca,ts-route-service,GET /api/v1/routeservice/routes/{routeId},server,2026-08-27T17:24:05.489000+00:00,11.6,GET,/api/v1/routeservice/routes/{routeId},200,false
2d2861e6c6f60d48f6de5752254f3b1a,UNMATCHED,,cc9d640d98002db8,e0d5279531d46178,ts-route-service,RouteRepository.findById,internal,2026-08-27T17:24:05.213301+00:00,9.466,,,,false
2d2861e6c6f60d48f6de5752254f3b1a,UNMATCHED,,24f198dac57eb5a2,884dbc6647963352,ts-route-service,RouteRepository.findById,internal,2026-08-27T17:24:05.327140+00:00,5.711,,,,false
2d2861e6c6f60d48f6de5752254f3b1a,UNMATCHED,,c974b3b6390972ac,0f8873596ca161a2,ts-route-service,RouteRepository.findById,internal,2026-08-27T17:24:05.396883+00:00,4.829,,,,false
2d2861e6c6f60d48f6de5752254f3b1a,UNMATCHED,,ca2628f39ed47995,f148c359858b7153,ts-route-service,RouteRepository.findById,internal,2026-08-27T17:24:05.443712+00:00,9.658,,,,false
2d2861e6c6f60d48f6de5752254f3b1a,UNMATCHED,,d21030f7aa174af6,b611a683dbfbe17a,ts-route-service,RouteRepository.findById,internal,2026-08-27T17:24:05.491989+00:00,3.229,,,,false
2d2861e6c6f60d48f6de5752254f3b1a,UNMATCHED,,735514d0919e99d5,f6961caed53da611,ts-travel2-service,find ts.trip,client,2026-08-27T17:24:05.151581+00:00,16.151,,,,false
2d2861e6c6f60d48f6de5752254f3b1a,UNMATCHED,,f6961caed53da611,4288cc3b4a2219d6,ts-travel2-service,TripRepository.findAll,internal,2026-08-27T17:24:05.141831+00:00,33.703,,,,false
2d2861e6c6f60d48f6de5752254f3b1a,UNMATCHED,,4288cc3b4a2219d6,bd9fbbd769f868c6,ts-travel2-service,POST /api/v1/travel2service/trips/left,server,2026-08-27T17:24:04.829000+00:00,709.14,POST,/api/v1/travel2service/trips/left,200,false
2d2861e6c6f60d48f6de5752254f3b1a,UNMATCHED,,41a4b67ec9ce0fc4,4288cc3b4a2219d6,ts-travel2-service,GET,client,2026-08-27T17:24:04.899757+00:00,121.713,GET,,200,false
2d2861e6c6f60d48f6de5752254f3b1a,UNMATCHED,,b3be47896b741e8d,4288cc3b4a2219d6,ts-travel2-service,GET,client,2026-08-27T17:24:05.049410+00:00,86.25,GET,,200,false
2d2861e6c6f60d48f6de5752254f3b1a,UNMATCHED,,5d7ed303c2d5fcac,4288cc3b4a2219d6,ts-travel2-service,GET,client,2026-08-27T17:24:05.198123+00:00,42.241,GET,,200,false
2d2861e6c6f60d48f6de5752254f3b1a,UNMATCHED,,d70744b87033c20d,4288cc3b4a2219d6,ts-travel2-service,GET,client,2026-08-27T17:24:05.318179+00:00,20.163,GET,,200,false
2d2861e6c6f60d48f6de5752254f3b1a,UNMATCHED,,bac4b2d69fe76a9e,4288cc3b4a2219d6,ts-travel2-service,GET,client,2026-08-27T17:24:05.390387+00:00,13.846,GET,,200,false
2d2861e6c6f60d48f6de5752254f3b1a,UNMATCHED,,dd7911a153199b63,4288cc3b4a2219d6,ts-travel2-service,GET,client,2026-08-27T17:24:05.421742+00:00,34.244,GET,,200,false
2d2861e6c6f60d48f6de5752254f3b1a,UNMATCHED,,0b924d18d301c3ca,4288cc3b4a2219d6,ts-travel2-service,GET,client,2026-08-27T17:24:05.483699+00:00,14.668,GET,,200,false
2d5ba5630c7624f95832ecc6f27a64d1,UNMATCHED,,58117714d2929504,bddc9291a82b51f3,ts-ticketinfo-service,GET,client,2026-08-27T17:24:06.781892+00:00,85.797,GET,,200,false
2d5ba5630c7624f95832ecc6f27a64d1,UNMATCHED,,8f297e40260f95b3,2a5f78ca31e83464,ts-ticketinfo-service,GET,client,2026-08-27T17:24:06.953500+00:00,51.261,GET,,200,false
2d5ba5630c7624f95832ecc6f27a64d1,UNMATCHED,,bddc9291a82b51f3,ec64d7c5f1ab19d2,ts-ticketinfo-service,GET /api/v1/ticketinfoservice/ticketinfo/{name},server,2026-08-27T17:24:06.775000+00:00,97.234,GET,/api/v1/ticketinfoservice/ticketinfo/{name},200,false
2d5ba5630c7624f95832ecc6f27a64d1,UNMATCHED,,2a5f78ca31e83464,af9e047ab352f273,ts-ticketinfo-service,GET /api/v1/ticketinfoservice/ticketinfo/{name},server,2026-08-27T17:24:06.913000+00:00,97.557,GET,/api/v1/ticketinfoservice/ticketinfo/{name},200,false
2d5ba5630c7624f95832ecc6f27a64d1,UNMATCHED,,0203082378cbe14f,7cab67c9a1f13386,ts-basic-service,GET,client,2026-08-27T17:24:06.801323+00:00,62.443,GET,,200,false
2d5ba5630c7624f95832ecc6f27a64d1,UNMATCHED,,ce93b4ff5d34f471,9749f70820ed5dad,ts-basic-service,GET,client,2026-08-27T17:24:06.971549+00:00,27.686,GET,,200,false
2d5ba5630c7624f95832ecc6f27a64d1,UNMATCHED,,7cab67c9a1f13386,58117714d2929504,ts-basic-service,GET /api/v1/basicservice/basic/{stationName},server,2026-08-27T17:24:06.796000+00:00,72.161,GET,/api/v1/basicservice/basic/{stationName},200,false
2d5ba5630c7624f95832ecc6f27a64d1,UNMATCHED,,9749f70820ed5dad,8f297e40260f95b3,ts-basic-service,GET /api/v1/basicservice/basic/{stationName},server,2026-08-27T17:24:06.962000+00:00,43.458,GET,/api/v1/basicservice/basic/{stationName},200,false
2d5ba5630c7624f95832ecc6f27a64d1,UNMATCHED,,860deab115c9ffbc,0c451823abe793a5,ts-station-service,StationRepository.findByName,internal,2026-08-27T17:24:06.816995+00:00,38.85,,,,false
2d5ba5630c7624f95832ecc6f27a64d1,UNMATCHED,,51283c1c4b77ff7b,b5f8ed9e4c03c5c2,ts-station-service,StationRepository.findByName,internal,2026-08-27T17:24:06.978295+00:00,7.915,,,,false
2d5ba5630c7624f95832ecc6f27a64d1,UNMATCHED,,dfdb836a8e971ef8,860deab115c9ffbc,ts-station-service,find ts.station,client,2026-08-27T17:24:06.819493+00:00,35.034,,,,false
2d5ba5630c7624f95832ecc6f27a64d1,UNMATCHED,,e04f8b1f8892a713,51283c1c4b77ff7b,ts-station-service,find ts.station,client,2026-08-27T17:24:06.984333+00:00,1.37,,,,false
2d5ba5630c7624f95832ecc6f27a64d1,UNMATCHED,,0c451823abe793a5,0203082378cbe14f,ts-station-service,GET /api/v1/stationservice/stations/id/{stationNameForId},server,2026-08-27T17:24:06.804000+00:00,61.684,GET,/api/v1/stationservice/stations/id/{stationNameForId},200,false
2d5ba5630c7624f95832ecc6f27a64d1,UNMATCHED,,b5f8ed9e4c03c5c2,ce93b4ff5d34f471,ts-station-service,GET /api/v1/stationservice/stations/id/{stationNameForId},server,2026-08-27T17:24:06.975000+00:00,27.825,GET,/api/v1/stationservice/stations/id/{stationNameForId},200,false
2d5ba5630c7624f95832ecc6f27a64d1,UNMATCHED,,d83b63b6a0aae96e,bc1ea5304e96483b,ts-route-service,find ts.routes,client,2026-08-27T17:24:07.195194+00:00,1.134,,,,false
2d5ba5630c7624f95832ecc6f27a64d1,UNMATCHED,,a9ab28042745006b,2df1e03d918fc5a6,ts-route-service,find ts.routes,client,2026-08-27T17:24:07.441089+00:00,1.264,,,,false
2d5ba5630c7624f95832ecc6f27a64d1,UNMATCHED,,ee57ed934ce12a64,6e6a6a32f1d0c1e4,ts-route-service,find ts.routes,client,2026-08-27T17:24:07.506759+00:00,1.018,,,,false
2d5ba5630c7624f95832ecc6f27a64d1,UNMATCHED,,3ce40ff318014545,453b37a1ddfcb1ab,ts-route-service,find ts.routes,client,2026-08-27T17:24:07.683681+00:00,1.963,,,,false
2d5ba5630c7624f95832ecc6f27a64d1,UNMATCHED,,0fc39d89d77ea61a,9153755599bcc63d,ts-route-service,find ts.routes,client,2026-08-27T17:24:07.746564+00:00,1.475,,,,false
2d5ba5630c7624f95832ecc6f27a64d1,UNMATCHED,,0dd3ab4c6455b83f,9358b7a4d15fada8,ts-route-service,GET /api/v1/routeservice/routes/{routeId},server,2026-08-27T17:24:07.145000+00:00,54.048,GET,/api/v1/routeservice/routes/{routeId},200,false
2d5ba5630c7624f95832ecc6f27a64d1,UNMATCHED,,2a0f6b3e8d3877e8,239f1f25542504ab,ts-route-service,GET /api/v1/routeservice/routes/{routeId},server,2026-08-27T17:24:07.435000+00:00,9.147,GET,/api/v1/routeservice/routes/{routeId},200,false
2d5ba5630c7624f95832ecc6f27a64d1,UNMATCHED,,8b64b5801bc75f0a,1aa8114ad1249292,ts-route-service,GET /api/v1/routeservice/routes/{routeId},server,2026-08-27T17:24:07.499000+00:00,18.063,GET,/api/v1/routeservice/routes/{routeId},200,false
2d5ba5630c7624f95832ecc6f27a64d1,UNMATCHED,,51a49b2bb88f277d,73684538c026a0ea,ts-route-service,GET /api/v1/routeservice/routes/{routeId},server,2026-08-27T17:24:07.661000+00:00,30.057,GET,/api/v1/routeservice/routes/{routeId},200,false
2d5ba5630c7624f95832ecc6f27a64d1,UNMATCHED,,e8aaad658c8e18de,9dc3569366e6da1c,ts-route-service,GET /api/v1/routeservice/routes/{routeId},server,2026-08-27T17:24:07.742000+00:00,16.853,GET,/api/v1/routeservice/routes/{routeId},200,false
2d5ba5630c7624f95832ecc6f27a64d1,UNMATCHED,,bc1ea5304e96483b,0dd3ab4c6455b83f,ts-route-service,RouteRepository.findById,internal,2026-08-27T17:24:07.191522+00:00,5.236,,,,false
2d5ba5630c7624f95832ecc6f27a64d1,UNMATCHED,,2df1e03d918fc5a6,2a0f6b3e8d3877e8,ts-route-service,RouteRepository.findById,internal,2026-08-27T17:24:07.439344+00:00,3.423,,,,false
2d5ba5630c7624f95832ecc6f27a64d1,UNMATCHED,,6e6a6a32f1d0c1e4,8b64b5801bc75f0a,ts-route-service,RouteRepository.findById,internal,2026-08-27T17:24:07.502984+00:00,5.401,,,,false
2d5ba5630c7624f95832ecc6f27a64d1,UNMATCHED,,453b37a1ddfcb1ab,51a49b2bb88f277d,ts-route-service,RouteRepository.findById,internal,2026-08-27T17:24:07.667809+00:00,18.421,,,,false
2d5ba5630c7624f95832ecc6f27a64d1,UNMATCHED,,9153755599bcc63d,e8aaad658c8e18de,ts-route-service,RouteRepository.findById,internal,2026-08-27T17:24:07.744472+00:00,4.337,,,,false
2d5ba5630c7624f95832ecc6f27a64d1,UNMATCHED,,daee558016ec3aa9,20358a510fd9b586,ts-travel2-service,find ts.trip,client,2026-08-27T17:24:07.061989+00:00,2.665,,,,false
2d5ba5630c7624f95832ecc6f27a64d1,UNMATCHED,,20358a510fd9b586,dd4d03adb14289be,ts-travel2-service,TripRepository.findAll,internal,2026-08-27T17:24:07.048115+00:00,20.837,,,,false
2d5ba5630c7624f95832ecc6f27a64d1,UNMATCHED,,dd4d03adb14289be,40b7c1c060e6e082,ts-travel2-service,POST /api/v1/travel2service/trips/left,server,2026-08-27T17:24:06.701000+00:00,1123.977,POST,/api/v1/travel2service/trips/left,200,false
2d5ba5630c7624f95832ecc6f27a64d1,UNMATCHED,,ec64d7c5f1ab19d2,dd4d03adb14289be,ts-travel2-service,GET,client,2026-08-27T17:24:06.764598+00:00,114.148,GET,,200,false
2d5ba5630c7624f95832ecc6f27a64d1,UNMATCHED,,af9e047ab352f273,dd4d03adb14289be,ts-travel2-service,GET,client,2026-08-27T17:24:06.908493+00:00,112.045,GET,,200,false
2d5ba5630c7624f95832ecc6f27a64d1,UNMATCHED,,9358b7a4d15fada8,dd4d03adb14289be,ts-travel2-service,GET,client,2026-08-27T17:24:07.074815+00:00,124.387,GET,,200,false
2d5ba5630c7624f95832ecc6f27a64d1,UNMATCHED,,239f1f25542504ab,dd4d03adb14289be,ts-travel2-service,GET,client,2026-08-27T17:24:07.430659+00:00,19.276,GET,,200,false
2d5ba5630c7624f95832ecc6f27a64d1,UNMATCHED,,1aa8114ad1249292,dd4d03adb14289be,ts-travel2-service,GET,client,2026-08-27T17:24:07.494756+00:00,15.764,GET,,200,false
2d5ba5630c7624f95832ecc6f27a64d1,UNMATCHED,,73684538c026a0ea,dd4d03adb14289be,ts-travel2-service,GET,client,2026-08-27T17:24:07.604289+00:00,86.697,GET,,200,false
2d5ba5630c7624f95832ecc6f27a64d1,UNMATCHED,,9dc3569366e6da1c,dd4d03adb14289be,ts-travel2-service,GET,client,2026-08-27T17:24:07.739351+00:00,20.532,GET,,200,false
2ed389ddb16da92a47e454d8b51920e4,login,2,9d745235cdb36c73,f730398135b576b9,ts-auth-service,find ts-auth-mongo.user,client,2026-08-27T17:29:09.233439+00:00,11.256,,,,false
2ed389ddb16da92a47e454d8b51920e4,login,2,2e466b6cc807792d,a9c4b4fedb7929db,ts-auth-service,find ts-auth-mongo.user,client,2026-08-27T17:29:09.397259+00:00,16.757,,,,false
2ed389ddb16da92a47e454d8b51920e4,login,2,9820f6890860910b,34287739c94d8135,ts-auth-service,POST /api/v1/users/login,server,2026-08-27T17:29:08.904000+00:00,554.535,POST,/api/v1/users/login,200,false
2ed389ddb16da92a47e454d8b51920e4,login,2,f730398135b576b9,9820f6890860910b,ts-auth-service,UserRepository.findByUsername,internal,2026-08-27T17:29:09.200188+00:00,45.816,,,,false
2ed389ddb16da92a47e454d8b51920e4,login,2,a9c4b4fedb7929db,9820f6890860910b,ts-auth-service,UserRepository.findByUsername,internal,2026-08-27T17:29:09.366901+00:00,50.029,,,,false
2ed389ddb16da92a47e454d8b51920e4,login,2,858ab5c8168edbbc,9820f6890860910b,ts-auth-service,GET,client,2026-08-27T17:29:08.983779+00:00,180.939,GET,,200,false
2ed389ddb16da92a47e454d8b51920e4,login,2,14af0c410a1ec29a,858ab5c8168edbbc,ts-verification-code-service,GET /api/v1/verifycode/verify/{verifyCode},server,2026-08-27T17:29:09.004000+00:00,161.357,GET,/api/v1/verifycode/verify/{verifyCode},200,false
43e670fd965c9625edd8c71c5af9c0a1,UNMATCHED,,888426523dffb9a4,08ed84ea57db7bab,ts-station-service,StationRepository.findByName,internal,2026-08-27T17:24:39.221589+00:00,54.723,,,,false
43e670fd965c9625edd8c71c5af9c0a1,UNMATCHED,,6f092d9ed9f44f1e,b211544db8f88e19,ts-station-service,StationRepository.findByName,internal,2026-08-27T17:24:39.347285+00:00,1.859,,,,false
43e670fd965c9625edd8c71c5af9c0a1,UNMATCHED,,6d1df57fa8f55ac7,888426523dffb9a4,ts-station-service,find ts.station,client,2026-08-27T17:24:39.222181+00:00,53.753,,,,false
43e670fd965c9625edd8c71c5af9c0a1,UNMATCHED,,0b0720b381cd7c62,6f092d9ed9f44f1e,ts-station-service,find ts.station,client,2026-08-27T17:24:39.348003+00:00,0.88,,,,false
43e670fd965c9625edd8c71c5af9c0a1,UNMATCHED,,08ed84ea57db7bab,997861327b811330,ts-station-service,GET /api/v1/stationservice/stations/id/{stationNameForId},server,2026-08-27T17:24:39.220000+00:00,57.455,GET,/api/v1/stationservice/stations/id/{stationNameForId},200,false
43e670fd965c9625edd8c71c5af9c0a1,UNMATCHED,,b211544db8f88e19,3e733dae52cddc7e,ts-station-service,GET /api/v1/stationservice/stations/id/{stationNameForId},server,2026-08-27T17:24:39.345000+00:00,5.024,GET,/api/v1/stationservice/stations/id/{stationNameForId},200,false
43e670fd965c9625edd8c71c5af9c0a1,UNMATCHED,,7494ade5eaa7d486,c860bbe8157972ab,ts-travel2-service,find ts.trip,client,2026-08-27T17:24:39.356313+00:00,4.217,,,,false
43e670fd965c9625edd8c71c5af9c0a1,UNMATCHED,,c860bbe8157972ab,af2ac03355d30898,ts-travel2-service,TripRepository.findAll,internal,2026-08-27T17:24:39.354113+00:00,9.051,,,,false
43e670fd965c9625edd8c71c5af9c0a1,UNMATCHED,,af2ac03355d30898,1906b4c8b5df3297,ts-travel2-service,POST /api/v1/travel2service/trips/left,server,2026-08-27T17:24:38.867000+00:00,589.854,POST,/api/v1/travel2service/trips/left,200,false
43e670fd965c9625edd8c71c5af9c0a1,UNMATCHED,,c4cad56e1428a9d2,af2ac03355d30898,ts-travel2-service,GET,client,2026-08-27T17:24:38.877120+00:00,437.984,GET,,200,false
43e670fd965c9625edd8c71c5af9c0a1,UNMATCHED,,371924f94e188ec0,af2ac03355d30898,ts-travel2-service,GET,client,2026-08-27T17:24:39.335712+00:00,16.93,GET,,200,false
43e670fd965c9625edd8c71c5af9c0a1,UNMATCHED,,e84625eb63ce1b39,af2ac03355d30898,ts-travel2-service,GET,client,2026-08-27T17:24:39.365622+00:00,11.081,GET,,200,false
43e670fd965c9625edd8c71c5af9c0a1,UNMATCHED,,d32aebd704c1ab4f,af2ac03355d30898,ts-travel2-service,GET,client,2026-08-27T17:24:39.388291+00:00,5.583,GET,,200,false
43e670fd965c9625edd8c71c5af9c0a1,UNMATCHED,,637101e37e3af914,af2ac03355d30898,ts-travel2-service,GET,client,2026-08-27T17:24:39.403176+00:00,5.91,GET,,200,false
43e670fd965c9625edd8c71c5af9c0a1,UNMATCHED,,67c5e979a29a21cc,af2ac03355d30898,ts-travel2-service,GET,client,2026-08-27T17:24:39.418011+00:00,9.866,GET,,200,false
43e670fd965c9625edd8c71c5af9c0a1,UNMATCHED,,b254d8038e3f98cb,af2ac03355d30898,ts-travel2-service,GET,client,2026-08-27T17:24:39.440154+00:00,5.504,GET,,200,false
43e670fd965c9625edd8c71c5af9c0a1,UNMATCHED,,faf72dd4789339b4,7d42a8961ed30b12,ts-ticketinfo-service,GET,client,2026-08-27T17:24:39.198287+00:00,83.134,GET,,200,false
43e670fd965c9625edd8c71c5af9c0a1,UNMATCHED,,a9fe456420b78a2f,945f6c575051333a,ts-ticketinfo-service,GET,client,2026-08-27T17:24:39.338649+00:00,11.606,GET,,200,false
43e670fd965c9625edd8c71c5af9c0a1,UNMATCHED,,7d42a8961ed30b12,c4cad56e1428a9d2,ts-ticketinfo-service,GET /api/v1/ticketinfoservice/ticketinfo/{name},server,2026-08-27T17:24:39.195000+00:00,88.588,GET,/api/v1/ticketinfoservice/ticketinfo/{name},200,false
43e670fd965c9625edd8c71c5af9c0a1,UNMATCHED,,945f6c575051333a,371924f94e188ec0,ts-ticketinfo-service,GET /api/v1/ticketinfoservice/ticketinfo/{name},server,2026-08-27T17:24:39.337000+00:00,14.596,GET,/api/v1/ticketinfoservice/ticketinfo/{name},200,false
43e670fd965c9625edd8c71c5af9c0a1,UNMATCHED,,6d0d8d957ce47eea,0880af3849a6b269,ts-route-service,find ts.routes,client,2026-08-27T17:24:39.373617+00:00,0.941,,,,false
43e670fd965c9625edd8c71c5af9c0a1,UNMATCHED,,5c2648d14e5a2ba0,e8fa3a097db3cbcb,ts-route-service,find ts.routes,client,2026-08-27T17:24:39.391677+00:00,0.586,,,,false
43e670fd965c9625edd8c71c5af9c0a1,UNMATCHED,,e67f9d240a68b198,8f041065140f500c,ts-route-service,find ts.routes,client,2026-08-27T17:24:39.406209+00:00,0.566,,,,false
43e670fd965c9625edd8c71c5af9c0a1,UNMATCHED,,8a7baa5f8f4114ff,79a8f40afd308c89,ts-route-service,find ts.routes,client,2026-08-27T17:24:39.424300+00:00,0.739,,,,false
43e670fd965c9625edd8c71c5af9c0a1,UNMATCHED,,9df25db0c2944f11,54132f82162aa64a,ts-route-service,find ts.routes,client,2026-08-27T17:24:39.442712+00:00,0.563,,,,false
43e670fd965c9625edd8c71c5af9c0a1,UNMATCHED,,9550cd5fe91ba14e,e84625eb63ce1b39,ts-route-service,GET /api/v1/routeservice/routes/{routeId},server,2026-08-27T17:24:39.371000+00:00,4.849,GET,/api/v1/routeservice/routes/{routeId},200,false
43e670fd965c9625edd8c71c5af9c0a1,UNMATCHED,,b2cafb0b9aed49b6,d32aebd704c1ab4f,ts-route-service,GET /api/v1/routeservice/routes/{routeId},server,2026-08-27T17:24:39.390000+00:00,3.767,GET,/api/v1/routeservice/routes/{routeId},200,false
43e670fd965c9625edd8c71c5af9c0a1,UNMATCHED,,4842ebd85d7a9ee1,637101e37e3af914,ts-route-service,GET /api/v1/routeservice/routes/{routeId},server,2026-08-27T17:24:39.404000+00:00,3.874,GET,/api/v1/routeservice/routes/{routeId},200,false
43e670fd965c9625edd8c71c5af9c0a1,UNMATCHED,,0b5134700d8de3c8,67c5e979a29a21cc,ts-route-service,GET /api/v1/routeservice/routes/{routeId},server,2026-08-27T17:24:39.420000+00:00,6.834,GET,/api/v1/routeservice/routes/{routeId},200,false
43e670fd965c9625edd8c71c5af9c0a1,UNMATCHED,,a3e71f48b045f81e,b254d8038e3f98cb,ts-route-service,GET /api/v1/routeservice/routes/{routeId},server,2026-08-27T17:24:39.441000+00:00,3.603,GET,/api/v1/routeservice/routes/{routeId},200,false
43e670fd965c9625edd8c71c5af9c0a1,UNMATCHED,,0880af3849a6b269,9550cd5fe91ba14e,ts-route-service,RouteRepository.findById,internal,2026-08-27T17:24:39.372836+00:00,2.011,,,,false
43e670fd965c9625edd8c71c5af9c0a1,UNMATCHED,,e8fa3a097db3cbcb,b2cafb0b9aed49b6,ts-route-service,RouteRepository.findById,internal,2026-08-27T17:24:39.391060+00:00,1.377,,,,false
43e670fd965c9625edd8c71c5af9c0a1,UNMATCHED,,8f041065140f500c,4842ebd85d7a9ee1,ts-route-service,RouteRepository.findById,internal,2026-08-27T17:24:39.405547+00:00,1.408,,,,false
43e670fd965c9625edd8c71c5af9c0a1,UNMATCHED,,79a8f40afd308c89,0b5134700d8de3c8,ts-route-service,RouteRepository.findById,internal,2026-08-27T17:24:39.423364+00:00,2.004,,,,false
43e670fd965c9625edd8c71c5af9c0a1,UNMATCHED,,54132f82162aa64a,a3e71f48b045f81e,ts-route-service,RouteRepository.findById,internal,2026-08-27T17:24:39.442097+00:00,1.357,,,,false
43e670fd965c9625edd8c71c5af9c0a1,UNMATCHED,,997861327b811330,a946e01d5ba0f026,ts-basic-service,GET,client,2026-08-27T17:24:39.207549+00:00,69.088,GET,,200,false
43e670fd965c9625edd8c71c5af9c0a1,UNMATCHED,,3e733dae52cddc7e,37d26340eb3eaa45,ts-basic-service,GET,client,2026-08-27T17:24:39.342985+00:00,6.439,GET,,200,false
43e670fd965c9625edd8c71c5af9c0a1,UNMATCHED,,a946e01d5ba0f026,faf72dd4789339b4,ts-basic-service,GET /api/v1/basicservice/basic/{stationName},server,2026-08-27T17:24:39.204000+00:00,77.613,GET,/api/v1/basicservice/basic/{stationName},200,false
43e670fd965c9625edd8c71c5af9c0a1,UNMATCHED,,37d26340eb3eaa45,a9fe456420b78a2f,ts-basic-service,GET /api/v1/basicservice/basic/{stationName},server,2026-08-27T17:24:39.341000+00:00,9.599,GET,/api/v1/basicservice/basic/{stationName},200,false
4980dcc0a82245b00679ddfe6f938b17,search_g_train,3,bb4de1ff9cb4111b,b5aa16401eda574f,ts-basic-service,GET,client,2026-08-27T17:29:19.884514+00:00,9.617,GET,,200,false
4980dcc0a82245b00679ddfe6f938b17,search_g_train,3,6a7c9827bf3791ae,89f930f2c2acb7e3,ts-basic-service,GET,client,2026-08-27T17:29:19.938039+00:00,30.244,GET,,200,false
4980dcc0a82245b00679ddfe6f938b17,search_g_train,3,ccd48182361558fe,854af8fcbcbb16f6,ts-basic-service,GET,client,2026-08-27T17:29:20.276786+00:00,11.096,GET,,200,false
4980dcc0a82245b00679ddfe6f938b17,search_g_train,3,71062b5d6cc56e8a,854af8fcbcbb16f6,ts-basic-service,GET,client,2026-08-27T17:29:20.297882+00:00,10.016,GET,,200,false
4980dcc0a82245b00679ddfe6f938b17,search_g_train,3,d4c9a548884d0c67,854af8fcbcbb16f6,ts-basic-service,GET,client,2026-08-27T17:29:20.310577+00:00,77.396,GET,,200,false
4980dcc0a82245b00679ddfe6f938b17,search_g_train,3,e0f20ed860f93e82,854af8fcbcbb16f6,ts-basic-service,GET,client,2026-08-27T17:29:20.391698+00:00,19.086,GET,,200,false
4980dcc0a82245b00679ddfe6f938b17,search_g_train,3,3c6765a2734d5f66,854af8fcbcbb16f6,ts-basic-service,GET,client,2026-08-27T17:29:20.423810+00:00,115.61,GET,,200,false
4980dcc0a82245b00679ddfe6f938b17,search_g_train,3,ce9dc23cdd736383,854af8fcbcbb16f6,ts-basic-service,GET,client,2026-08-27T17:29:20.547998+00:00,236.178,GET,,200,false
4980dcc0a82245b00679ddfe6f938b17,search_g_train,3,b5aa16401eda574f,202a27d2b70a1a94,ts-basic-service,GET /api/v1/basicservice/basic/{stationName},server,2026-08-27T17:29:19.881000+00:00,15.192,GET,/api/v1/basicservice/basic/{stationName},200,false
4980dcc0a82245b00679ddfe6f938b17,search_g_train,3,89f930f2c2acb7e3,c67522f3d751cd66,ts-basic-service,GET /api/v1/basicservice/basic/{stationName},server,2026-08-27T17:29:19.927000+00:00,43.901,GET,/api/v1/basicservice/basic/{stationName},200,false
4980dcc0a82245b00679ddfe6f938b17,search_g_train,3,37ad89b4ce3d6ee2,277c8693c800c12c,ts-route-service,find ts.routes,client,2026-08-27T17:29:19.985259+00:00,0.717,,,,false
4980dcc0a82245b00679ddfe6f938b17,search_g_train,3,f51b165a515d561e,53afe287d8688559,ts-route-service,find ts.routes,client,2026-08-27T17:29:19.993511+00:00,0.683,,,,false
4980dcc0a82245b00679ddfe6f938b17,search_g_train,3,d870a253e5e9c503,968be22666f42eb2,ts-route-service,find ts.routes,client,2026-08-27T17:29:20.034814+00:00,2.475,,,,false
4980dcc0a82245b00679ddfe6f938b17,search_g_train,3,c4547cc5a7639463,c43f393a2864bcce,ts-route-service,find ts.routes,client,2026-08-27T17:29:20.060343+00:00,0.81,,,,false
4980dcc0a82245b00679ddfe6f938b17,search_g_train,3,47927f401efd7159,d97a68a7956fff45,ts-route-service,find ts.routes,client,2026-08-27T17:29:20.076597+00:00,0.915,,,,false
4980dcc0a82245b00679ddfe6f938b17,search_g_train,3,95cbea06436c8546,df766cdd58e1abcb,ts-route-service,find ts.routes,client,2026-08-27T17:29:20.404756+00:00,2.107,,,,false
4980dcc0a82245b00679ddfe6f938b17,search_g_train,3,998a48657d2e81e2,26a9b4d4553a926c,ts-route-service,GET /api/v1/routeservice/routes/{routeId},server,2026-08-27T17:29:19.981000+00:00,7.865,GET,/api/v1/routeservice/routes/{routeId},200,false
4980dcc0a82245b00679ddfe6f938b17,search_g_train,3,202c5ad64742748f,27a7c70dd620c8f3,ts-route-service,GET /api/v1/routeservice/routes/{routeId},server,2026-08-27T17:29:19.991000+00:00,33.762,GET,/api/v1/routeservice/routes/{routeId},200,false
4980dcc0a82245b00679ddfe6f938b17,search_g_train,3,0e29f6a0ffb56cf6,0caac9264013c815,ts-route-service,GET /api/v1/routeservice/routes/{routeId},server,2026-08-27T17:29:20.029000+00:00,14.268,GET,/api/v1/routeservice/routes/{routeId},200,false
4980dcc0a82245b00679ddfe6f938b17,search_g_train,3,5affc4f3b971fa31,505aa649c78f2124,ts-route-service,GET /api/v1/routeservice/routes/{routeId},server,2026-08-27T17:29:20.058000+00:00,4.921,GET,/api/v1/routeservice/routes/{routeId},200,false
4980dcc0a82245b00679ddfe6f938b17,search_g_train,3,f601d4cbc8f2d5ea,0bb854d31be3a761,ts-route-service,GET /api/v1/routeservice/routes/{routeId},server,2026-08-27T17:29:20.070000+00:00,9.101,GET,/api/v1/routeservice/routes/{routeId},200,false
4980dcc0a82245b00679ddfe6f938b17,search_g_train,3,b26ad10547789504,e0f20ed860f93e82,ts-route-service,GET /api/v1/routeservice/routes/{routeId},server,2026-08-27T17:29:20.395000+00:00,17.338,GET,/api/v1/routeservice/routes/{routeId},200,false
4980dcc0a82245b00679ddfe6f938b17,search_g_train,3,277c8693c800c12c,998a48657d2e81e2,ts-route-service,RouteRepository.findById,internal,2026-08-27T17:29:19.984134+00:00,2.149,,,,false
4980dcc0a82245b00679ddfe6f938b17,search_g_train,3,53afe287d8688559,202c5ad64742748f,ts-route-service,RouteRepository.findById,internal,2026-08-27T17:29:19.992762+00:00,1.681,,,,false
4980dcc0a82245b00679ddfe6f938b17,search_g_train,3,968be22666f42eb2,0e29f6a0ffb56cf6,ts-route-service,RouteRepository.findById,internal,2026-08-27T17:29:20.032900+00:00,5.119,,,,false
4980dcc0a82245b00679ddfe6f938b17,search_g_train,3,c43f393a2864bcce,5affc4f3b971fa31,ts-route-service,RouteRepository.findById,internal,2026-08-27T17:29:20.059290+00:00,2.128,,,,false
4980dcc0a82245b00679ddfe6f938b17,search_g_train,3,d97a68a7956fff45,f601d4cbc8f2d5ea,ts-route-service,RouteRepository.findById,internal,2026-08-27T17:29:20.075557+00:00,2.227,,,,false
4980dcc0a82245b00679ddfe6f938b17,search_g_train,3,df766cdd58e1abcb,b26ad10547789504,ts-route-service,RouteRepository.findById,internal,2026-08-27T17:29:20.401799+00:00,5.935,,,,false
4980dcc0a82245b00679ddfe6f938b17,search_g_train,3,cd39198b84199f70,a7623de7c8cf2641,ts-station-service,StationRepository.findByName,internal,2026-08-27T17:29:19.887710+00:00,3.691,,,,false
4980dcc0a82245b00679ddfe6f938b17,search_g_train,3,5aa7d3edd1dfb702,b3ef50bc316d6f19,ts-station-service,StationRepository.findByName,internal,2026-08-27T17:29:19.942691+00:00,4.983,,,,false
4980dcc0a82245b00679ddfe6f938b17,search_g_train,3,fa150ec36a659d73,f0cf44a07ded635b,ts-station-service,StationRepository.findByName,internal,2026-08-27T17:29:20.281098+00:00,3.694,,,,false
4980dcc0a82245b00679ddfe6f938b17,search_g_train,3,72fc59b7f5ebdca7,18e1afe9b8db18aa,ts-station-service,StationRepository.findByName,internal,2026-08-27T17:29:20.301172+00:00,2.635,,,,false
4980dcc0a82245b00679ddfe6f938b17,search_g_train,3,6830b3dd6cc2db61,eaf033c65000fd5f,ts-station-service,StationRepository.findByName,internal,2026-08-27T17:29:20.678365+00:00,81.284,,,,false
4980dcc0a82245b00679ddfe6f938b17,search_g_train,3,c33c5ec1c4651344,819ef64540d86a95,ts-station-service,StationRepository.findByName,internal,2026-08-27T17:29:20.831726+00:00,20.182,,,,false
4980dcc0a82245b00679ddfe6f938b17,search_g_train,3,8704fe811846f404,cd39198b84199f70,ts-station-service,find ts.station,client,2026-08-27T17:29:19.888873+00:00,1.529,,,,false
4980dcc0a82245b00679ddfe6f938b17,search_g_train,3,7830f2d43567387a,5aa7d3edd1dfb702,ts-station-service,find ts.station,client,2026-08-27T17:29:19.944074+00:00,1.22,,,,false
4980dcc0a82245b00679ddfe6f938b17,search_g_train,3,a8c4d15d960f3530,fa150ec36a659d73,ts-station-service,find ts.station,client,2026-08-27T17:29:20.282576+00:00,1.501,,,,false
4980dcc0a82245b00679ddfe6f938b17,search_g_train,3,dec3d8c45def65e2,72fc59b7f5ebdca7,ts-station-service,find ts.station,client,2026-08-27T17:29:20.302086+00:00,0.996,,,,false
4980dcc0a82245b00679ddfe6f938b17,search_g_train,3,fcca2b23d4a01d45,6830b3dd6cc2db61,ts-station-service,find ts.station,client,2026-08-27T17:29:20.742669+00:00,15.786,,,,false
4980dcc0a82245b00679ddfe6f938b17,search_g_train,3,2e3b93ae4264c85e,c33c5ec1c4651344,ts-station-service,find ts.station,client,2026-08-27T17:29:20.837937+00:00,12.71,,,,false
4980dcc0a82245b00679ddfe6f938b17,search_g_train,3,a7623de7c8cf2641,bb4de1ff9cb4111b,ts-station-service,GET /api/v1/stationservice/stations/id/{stationNameForId},server,2026-08-27T17:29:19.886000+00:00,8.129,GET,/api/v1/stationservice/stations/id/{stationNameForId},200,false
4980dcc0a82245b00679ddfe6f938b17,search_g_train,3,b3ef50bc316d6f19,6a7c9827bf3791ae,ts-station-service,GET /api/v1/stationservice/stations/id/{stationNameForId},server,2026-08-27T17:29:19.940000+00:00,10.331,GET,/api/v1/stationservice/stations/id/{stationNameForId},200,false
4980dcc0a82245b00679ddfe6f938b17,search_g_train,3,f0cf44a07ded635b,ccd48182361558fe,ts-station-service,GET /api/v1/stationservice/stations/id/{stationNameForId},server,2026-08-27T17:29:20.279000+00:00,8.343,GET,/api/v1/stationservice/stations/id/{stationNameForId},200,false
4980dcc0a82245b00679ddfe6f938b17,search_g_train,3,18e1afe9b8db18aa,71062b5d6cc56e8a,ts-station-service,GET /api/v1/stationservice/stations/id/{stationNameForId},server,2026-08-27T17:29:20.299000+00:00,9.513,GET,/api/v1/stationservice/stations/id/{stationNameForId},200,false
4980dcc0a82245b00679ddfe6f938b17,search_g_train,3,eaf033c65000fd5f,ce9dc23cdd736383,ts-station-service,GET /api/v1/stationservice/stations/id/{stationNameForId},server,2026-08-27T17:29:20.550000+00:00,236.299,GET,/api/v1/stationservice/stations/id/{stationNameForId},200,false
4980dcc0a82245b00679ddfe6f938b17,search_g_train,3,202a27d2b70a1a94,803d8e45e672be1c,ts-ticketinfo-service,GET,client,2026-08-27T17:29:19.879368+00:00,16.44,GET,,200,false
4980dcc0a82245b00679ddfe6f938b17,search_g_train,3,c67522f3d751cd66,5fd73158066e8fec,ts-ticketinfo-service,GET,client,2026-08-27T17:29:19.925225+00:00,45.165,GET,,200,false
4980dcc0a82245b00679ddfe6f938b17,search_g_train,3,803d8e45e672be1c,90fa23fd6165bd97,ts-ticketinfo-service,GET /api/v1/ticketinfoservice/ticketinfo/{name},server,2026-08-27T17:29:19.862000+00:00,37.257,GET,/api/v1/ticketinfoservice/ticketinfo/{name},200,false
4980dcc0a82245b00679ddfe6f938b17,search_g_train,3,5fd73158066e8fec,4265054d7f07d18b,ts-ticketinfo-service,GET /api/v1/ticketinfoservice/ticketinfo/{name},server,2026-08-27T17:29:19.902000+00:00,72.417,GET,/api/v1/ticketinfoservice/ticketinfo/{name},200,false
4980dcc0a82245b00679ddfe6f938b17,search_g_train,3,346bbbe097b10c39,88ab87346b433c00,ts-order-service,GET /api/v1/orderservice/order/{travelDate}/{trainNumber},server,2026-08-27T17:29:20.962000+00:00,364.33,GET,/api/v1/orderservice/order/{travelDate}/{trainNumber},200,false
4980dcc0a82245b00679ddfe6f938b17,search_g_train,3,ff7eece940e085f2,aaabafe1bf0c1995,ts-order-service,POST /api/v1/orderservice/order/tickets,server,2026-08-27T17:29:21.636000+00:00,86.45,POST,/api/v1/orderservice/order/tickets,200,false
4980dcc0a82245b00679ddfe6f938b17,search_g_train,3,0baf8cf8a7d7ff07,fce4646aaedad03d,ts-order-service,POST /api/v1/orderservice/order/tickets,server,2026-08-27T17:29:22.505000+00:00,110.132,POST,/api/v1/orderservice/order/tickets,200,false
4980dcc0a82245b00679ddfe6f938b17,search_g_train,3,05c4c12bc56650b6,58539b513619468b,ts-order-service,find ts.orders,client,2026-08-27T17:29:21.276601+00:00,4.651,,,,false
4980dcc0a82245b00679ddfe6f938b17,search_g_train,3,bb4e8024ab30f261,f7ea05c5e9120a6a,ts-order-service,find ts.orders,client,2026-08-27T17:29:21.698422+00:00,3.546,,,,false
4980dcc0a82245b00679ddfe6f938b17,search_g_train,3,427fe2ae54944f14,a8fec716cc946fa7,ts-order-service,find ts.orders,client,2026-08-27T17:29:22.586200+00:00,5.722,,,,false
4980dcc0a82245b00679ddfe6f938b17,search_g_train,3,58539b513619468b,346bbbe097b10c39,ts-order-service,OrderRepository.findByTravelDateAndTrainNumber,internal,2026-08-27T17:29:21.229518+00:00,53.708,,,,false
4980dcc0a82245b00679ddfe6f938b17,search_g_train,3,f7ea05c5e9120a6a,ff7eece940e085f2,ts-order-service,OrderRepository.findByTravelDateAndTrainNumber,internal,2026-08-27T17:29:21.674517+00:00,27.853,,,,false
4980dcc0a82245b00679ddfe6f938b17,search_g_train,3,a8fec716cc946fa7,0baf8cf8a7d7ff07,ts-order-service,OrderRepository.findByTravelDateAndTrainNumber,internal,2026-08-27T17:29:22.559440+00:00,32.752,,,,false
4980dcc0a82245b00679ddfe6f938b17,search_g_train,3,f1c8f3edfa411f2c,2e40c09f4d7f9da3,ts-price-service,find ts.price_config,client,2026-08-27T17:29:20.524546+00:00,2.048,,,,false
4980dcc0a82245b00679ddfe6f938b17,search_g_train,3,2e40c09f4d7f9da3,334688f2e5c22e4b,ts-price-service,PriceConfigRepository.findByRouteIdAndTrainType,internal,2026-08-27T17:29:20.500041+00:00,27.687,,,,false
4980dcc0a82245b00679ddfe6f938b17,search_g_train,3,334688f2e5c22e4b,3c6765a2734d5f66,ts-price-service,GET /api/v1/priceservice/prices/{routeId}/{trainType},server,2026-08-27T17:29:20.433000+00:00,115.367,GET,/api/v1/priceservice/prices/{routeId}/{trainType},200,false
4980dcc0a82245b00679ddfe6f938b17,search_g_train,3,d45836ef32e4701e,f51318631a2be71f,ts-travel-service,find ts.trip,client,2026-08-27T17:29:19.976753+00:00,1.287,,,,false
4980dcc0a82245b00679ddfe6f938b17,search_g_train,3,dd208025f001f228,03641c98a7458ace,ts-travel-service,find ts.trip,client,2026-08-27T17:29:21.583467+00:00,5.859,,,,false
4980dcc0a82245b00679ddfe6f938b17,search_g_train,3,85490c727d8387df,4b83ae10bad061db,ts-travel-service,find ts.trip,client,2026-08-27T17:29:21.738381+00:00,1.208,,,,false
4980dcc0a82245b00679ddfe6f938b17,search_g_train,3,ccea6050f5087fd7,8b78f011c80848bb,ts-travel-service,find ts.trip,client,2026-08-27T17:29:22.443873+00:00,1.596,,,,false
4980dcc0a82245b00679ddfe6f938b17,search_g_train,3,957c871dbe6f172e,d444413d8d8144f5,ts-travel-service,find ts.trip,client,2026-08-27T17:29:22.649211+00:00,1.147,,,,false
4980dcc0a82245b00679ddfe6f938b17,search_g_train,3,f51318631a2be71f,bce2e67cabac9895,ts-travel-service,TripRepository.findAll,internal,2026-08-27T17:29:19.975359+00:00,3.447,,,,false
4980dcc0a82245b00679ddfe6f938b17,search_g_train,3,03641c98a7458ace,2ef4bb9af6775061,ts-travel-service,TripRepository.findByTripId,internal,2026-08-27T17:29:21.579633+00:00,14.028,,,,false
4980dcc0a82245b00679ddfe6f938b17,search_g_train,3,4b83ae10bad061db,bb28bc2b48bf8109,ts-travel-service,TripRepository.findByTripId,internal,2026-08-27T17:29:21.736786+00:00,3.294,,,,false
4980dcc0a82245b00679ddfe6f938b17,search_g_train,3,8b78f011c80848bb,f48deaf1a70235f5,ts-travel-service,TripRepository.findByTripId,internal,2026-08-27T17:29:22.442773+00:00,3.247,,,,false
4980dcc0a82245b00679ddfe6f938b17,search_g_train,3,d444413d8d8144f5,427ae77041839b94,ts-travel-service,TripRepository.findByTripId,internal,2026-08-27T17:29:22.648110+00:00,2.627,,,,false
4980dcc0a82245b00679ddfe6f938b17,search_g_train,3,2ef4bb9af6775061,6e692c8fbcbdae9c,ts-travel-service,GET /api/v1/travelservice/routes/{tripId},server,2026-08-27T17:29:21.562000+00:00,51.914,GET,/api/v1/travelservice/routes/{tripId},200,false
4980dcc0a82245b00679ddfe6f938b17,search_g_train,3,bb28bc2b48bf8109,8b2e6031d71697d2,ts-travel-service,GET /api/v1/travelservice/train_types/{tripId},server,2026-08-27T17:29:21.732000+00:00,62.298,GET,/api/v1/travelservice/train_types/{tripId},200,false
4980dcc0a82245b00679ddfe6f938b17,search_g_train,3,f48deaf1a70235f5,5b2d9d91a6c1f878,ts-travel-service,GET /api/v1/travelservice/routes/{tripId},server,2026-08-27T17:29:22.441000+00:00,23.728,GET,/api/v1/travelservice/routes/{tripId},200,false
4980dcc0a82245b00679ddfe6f938b17,search_g_train,3,427ae77041839b94,199b6f3b6c9c7885,ts-travel-service,GET /api/v1/travelservice/train_types/{tripId},server,2026-08-27T17:29:22.646000+00:00,72.865,GET,/api/v1/travelservice/train_types/{tripId},200,false
4980dcc0a82245b00679ddfe6f938b17,search_g_train,3,bce2e67cabac9895,e147f7ca9ee7f52d,ts-travel-service,POST /api/v1/travelservice/trips/left,server,2026-08-27T17:29:19.858000+00:00,2987.49,POST,/api/v1/travelservice/trips/left,200,false
4980dcc0a82245b00679ddfe6f938b17,search_g_train,3,90fa23fd6165bd97,bce2e67cabac9895,ts-travel-service,GET,client,2026-08-27T17:29:19.860376+00:00,37.851,GET,,200,false
4980dcc0a82245b00679ddfe6f938b17,search_g_train,3,4265054d7f07d18b,bce2e67cabac9895,ts-travel-service,GET,client,2026-08-27T17:29:19.900267+00:00,73.798,GET,,200,false
4980dcc0a82245b00679ddfe6f938b17,search_g_train,3,26a9b4d4553a926c,bce2e67cabac9895,ts-travel-service,GET,client,2026-08-27T17:29:19.979381+00:00,7.944,GET,,200,false
4980dcc0a82245b00679ddfe6f938b17,search_g_train,3,27a7c70dd620c8f3,bce2e67cabac9895,ts-travel-service,GET,client,2026-08-27T17:29:19.990020+00:00,32.693,GET,,200,false
4980dcc0a82245b00679ddfe6f938b17,search_g_train,3,0caac9264013c815,bce2e67cabac9895,ts-travel-service,GET,client,2026-08-27T17:29:20.026992+00:00,14.608,GET,,200,false
4980dcc0a82245b00679ddfe6f938b17,search_g_train,3,505aa649c78f2124,bce2e67cabac9895,ts-travel-service,GET,client,2026-08-27T17:29:20.057261+00:00,5.923,GET,,200,false
4980dcc0a82245b00679ddfe6f938b17,search_g_train,3,0bb854d31be3a761,bce2e67cabac9895,ts-travel-service,GET,client,2026-08-27T17:29:20.067279+00:00,11.821,GET,,200,false
4980dcc0a82245b00679ddfe6f938b17,search_g_train,3,b77c6b6477bf6158,bce2e67cabac9895,ts-travel-service,POST,client,2026-08-27T17:29:20.083926+00:00,870.016,POST,,200,false
4980dcc0a82245b00679ddfe6f938b17,search_g_train,3,88ab87346b433c00,bce2e67cabac9895,ts-travel-service,GET,client,2026-08-27T17:29:20.959471+00:00,347.138,GET,,200,false
4980dcc0a82245b00679ddfe6f938b17,search_g_train,3,eb368198ea7bfbdc,bce2e67cabac9895,ts-travel-service,GET,client,2026-08-27T17:29:21.307880+00:00,102.808,GET,,200,false
4980dcc0a82245b00679ddfe6f938b17,search_g_train,3,8be27aabbd6af6a9,bce2e67cabac9895,ts-travel-service,GET,client,2026-08-27T17:29:21.412645+00:00,107.332,GET,,200,false
4980dcc0a82245b00679ddfe6f938b17,search_g_train,3,460c1bcae509c66d,2ef4bb9af6775061,ts-travel-service,GET,client,2026-08-27T17:29:21.595923+00:00,10.676,GET,,200,false
4980dcc0a82245b00679ddfe6f938b17,search_g_train,3,f01c949021505dde,bb28bc2b48bf8109,ts-travel-service,GET,client,2026-08-27T17:29:21.740624+00:00,51.461,GET,,200,false
4980dcc0a82245b00679ddfe6f938b17,search_g_train,3,029f5f506c981e40,bce2e67cabac9895,ts-travel-service,POST,client,2026-08-27T17:29:21.522802+00:00,352.394,POST,,200,false
4980dcc0a82245b00679ddfe6f938b17,search_g_train,3,a6d077f0b462420e,bce2e67cabac9895,ts-travel-service,GET,client,2026-08-27T17:29:21.878665+00:00,106.098,GET,,200,false
4980dcc0a82245b00679ddfe6f938b17,search_g_train,3,2aafe678993db12d,bce2e67cabac9895,ts-travel-service,GET,client,2026-08-27T17:29:21.986795+00:00,316.015,GET,,200,false
4980dcc0a82245b00679ddfe6f938b17,search_g_train,3,3c694305f0410f87,f48deaf1a70235f5,ts-travel-service,GET,client,2026-08-27T17:29:22.446799+00:00,11.954,GET,,200,false
4980dcc0a82245b00679ddfe6f938b17,search_g_train,3,6cf1135f1e37f3de,427ae77041839b94,ts-travel-service,GET,client,2026-08-27T17:29:22.651173+00:00,63.784,GET,,200,false
4980dcc0a82245b00679ddfe6f938b17,search_g_train,3,66ec29b245792140,bce2e67cabac9895,ts-travel-service,POST,client,2026-08-27T17:29:22.311844+00:00,498.935,POST,,200,false
4980dcc0a82245b00679ddfe6f938b17,search_g_train,3,c748f6d0e93f06c5,bce2e67cabac9895,ts-travel-service,GET,client,2026-08-27T17:29:22.811609+00:00,31.781,GET,,200,false
4980dcc0a82245b00679ddfe6f938b17,search_g_train,3,6e692c8fbcbdae9c,aa6c068b2095528a,ts-seat-service,GET,client,2026-08-27T17:29:21.558827+00:00,58.755,GET,,200,false
4980dcc0a82245b00679ddfe6f938b17,search_g_train,3,aaabafe1bf0c1995,aa6c068b2095528a,ts-seat-service,POST,client,2026-08-27T17:29:21.627736+00:00,93.12,POST,,200,false
4980dcc0a82245b00679ddfe6f938b17,search_g_train,3,8b2e6031d71697d2,aa6c068b2095528a,ts-seat-service,GET,client,2026-08-27T17:29:21.726499+00:00,69.104,GET,,200,false
4980dcc0a82245b00679ddfe6f938b17,search_g_train,3,3d483bf928349bd3,aa6c068b2095528a,ts-seat-service,GET,client,2026-08-27T17:29:21.803872+00:00,58.866,GET,,200,false
4980dcc0a82245b00679ddfe6f938b17,search_g_train,3,5b2d9d91a6c1f878,33b95cef69708c13,ts-seat-service,GET,client,2026-08-27T17:29:22.432126+00:00,38.311,GET,,200,false
4980dcc0a82245b00679ddfe6f938b17,search_g_train,3,fce4646aaedad03d,33b95cef69708c13,ts-seat-service,POST,client,2026-08-27T17:29:22.485649+00:00,134.378,POST,,200,false
4980dcc0a82245b00679ddfe6f938b17,search_g_train,3,199b6f3b6c9c7885,33b95cef69708c13,ts-seat-service,GET,client,2026-08-27T17:29:22.643168+00:00,84.001,GET,,200,false
4980dcc0a82245b00679ddfe6f938b17,search_g_train,3,be949315fc1f4cf0,33b95cef69708c13,ts-seat-service,GET,client,2026-08-27T17:29:22.751450+00:00,44.19,GET,,200,false
4980dcc0a82245b00679ddfe6f938b17,search_g_train,3,aa6c068b2095528a,029f5f506c981e40,ts-seat-service,POST /api/v1/seatservice/seats/left_tickets,server,2026-08-27T17:29:21.540000+00:00,597.519,POST,/api/v1/seatservice/seats/left_tickets,200,false
4980dcc0a82245b00679ddfe6f938b17,search_g_train,3,33b95cef69708c13,66ec29b245792140,ts-seat-service,POST /api/v1/seatservice/seats/left_tickets,server,2026-08-27T17:29:22.324000+00:00,487.519,POST,/api/v1/seatservice/seats/left_tickets,200,false
4980dcc0a82245b00679ddfe6f938b17,search_g_train,3,201e4ebc3b729726,8d3add94f0e16493,ts-config-service,find ts.config,client,2026-08-27T17:29:21.849315+00:00,6.033,,,,false
4980dcc0a82245b00679ddfe6f938b17,search_g_train,3,712e61ee20f07293,871963900292c695,ts-config-service,find ts.config,client,2026-08-27T17:29:22.769052+00:00,1.224,,,,false
4980dcc0a82245b00679ddfe6f938b17,search_g_train,3,be2c735b3bacee50,3d483bf928349bd3,ts-config-service,GET /api/v1/configservice/configs/{configName},server,2026-08-27T17:29:21.818000+00:00,44.379,GET,/api/v1/configservice/configs/{configName},200,false
4980dcc0a82245b00679ddfe6f938b17,search_g_train,3,bde087a2669e9352,be949315fc1f4cf0,ts-config-service,GET /api/v1/configservice/configs/{configName},server,2026-08-27T17:29:22.753000+00:00,38.641,GET,/api/v1/configservice/configs/{configName},200,false
4980dcc0a82245b00679ddfe6f938b17,search_g_train,3,8d3add94f0e16493,be2c735b3bacee50,ts-config-service,ConfigRepository.findByName,internal,2026-08-27T17:29:21.845795+00:00,10.399,,,,false
4980dcc0a82245b00679ddfe6f938b17,search_g_train,3,871963900292c695,bde087a2669e9352,ts-config-service,ConfigRepository.findByName,internal,2026-08-27T17:29:22.767984+00:00,2.691,,,,false
4980dcc0a82245b00679ddfe6f938b17,search_g_train,3,0626f73941a2e1bc,cf3b7cb76ad6319f,ts-train-service,find ts.trainType,client,2026-08-27T17:29:20.353418+00:00,1.267,,,,false
4980dcc0a82245b00679ddfe6f938b17,search_g_train,3,efe0cd851d613248,ee7b0611298a2c4f,ts-train-service,find ts.trainType,client,2026-08-27T17:29:20.367254+00:00,1.892,,,,false
4980dcc0a82245b00679ddfe6f938b17,search_g_train,3,0850836407de499a,c8b37c958efeca7d,ts-train-service,find ts.trainType,client,2026-08-27T17:29:21.775316+00:00,2.395,,,,false
4980dcc0a82245b00679ddfe6f938b17,search_g_train,3,7fc07401eb78259c,43858c009b795484,ts-train-service,find ts.trainType,client,2026-08-27T17:29:21.780945+00:00,1.775,,,,false
4980dcc0a82245b00679ddfe6f938b17,search_g_train,3,0878be68bea9898a,a752c277a68e0408,ts-train-service,find ts.trainType,client,2026-08-27T17:29:22.678470+00:00,5.919,,,,false
4980dcc0a82245b00679ddfe6f938b17,search_g_train,3,b2c8ba522452a784,beee5d9e0ef558c5,ts-train-service,find ts.trainType,client,2026-08-27T17:29:22.706416+00:00,5.027,,,,false
4980dcc0a82245b00679ddfe6f938b17,search_g_train,3,02307c3acf109b2e,eb19affe6a15ce67,ts-train-service,find ts.trainType,client,2026-08-27T17:29:22.830829+00:00,4.109,,,,false
4980dcc0a82245b00679ddfe6f938b17,search_g_train,3,a4f0b56d8f84b47f,49c68827b8167a65,ts-train-service,find ts.trainType,client,2026-08-27T17:29:22.837606+00:00,0.941,,,,false
4980dcc0a82245b00679ddfe6f938b17,search_g_train,3,cf3b7cb76ad6319f,71c677883ba266b5,ts-train-service,TrainTypeRepository.findById,internal,2026-08-27T17:29:20.342199+00:00,12.938,,,,false
4980dcc0a82245b00679ddfe6f938b17,search_g_train,3,ee7b0611298a2c4f,71c677883ba266b5,ts-train-service,TrainTypeRepository.findById,internal,2026-08-27T17:29:20.355257+00:00,14.79,,,,false
4980dcc0a82245b00679ddfe6f938b17,search_g_train,3,c8b37c958efeca7d,a1f842af32ab5c4f,ts-train-service,TrainTypeRepository.findById,internal,2026-08-27T17:29:21.768915+00:00,9.55,,,,false
4980dcc0a82245b00679ddfe6f938b17,search_g_train,3,43858c009b795484,a1f842af32ab5c4f,ts-train-service,TrainTypeRepository.findById,internal,2026-08-27T17:29:21.778641+00:00,4.442,,,,false
4980dcc0a82245b00679ddfe6f938b17,search_g_train,3,a752c277a68e0408,1fe4e03c34d26b76,ts-train-service,TrainTypeRepository.findById,internal,2026-08-27T17:29:22.670698+00:00,14.44,,,,false
4980dcc0a82245b00679ddfe6f938b17,search_g_train,3,beee5d9e0ef558c5,1fe4e03c34d26b76,ts-train-service,TrainTypeRepository.findById,internal,2026-08-27T17:29:22.685358+00:00,27.145,,,,false
4980dcc0a82245b00679ddfe6f938b17,search_g_train,3,eb19affe6a15ce67,0cb16c1ec8e083ca,ts-train-service,TrainTypeRepository.findById,internal,2026-08-27T17:29:22.826983+00:00,8.369,,,,false
4980dcc0a82245b00679ddfe6f938b17,search_g_train,3,49c68827b8167a65,0cb16c1ec8e083ca,ts-train-service,TrainTypeRepository.findById,internal,2026-08-27T17:29:22.835467+00:00,5.279,,,,false
4980dcc0a82245b00679ddfe6f938b17,search_g_train,3,71c677883ba266b5,d4c9a548884d0c67,ts-train-service,GET /api/v1/trainservice/trains/{id},server,2026-08-27T17:29:20.320000+00:00,71.567,GET,/api/v1/trainservice/trains/{id},200,false
4980dcc0a82245b00679ddfe6f938b17,search_g_train,3,a1f842af32ab5c4f,f01c949021505dde,ts-train-service,GET /api/v1/trainservice/trains/{id},server,2026-08-27T17:29:21.743000+00:00,51.213,GET,/api/v1/trainservice/trains/{id},200,false
4980dcc0a82245b00679ddfe6f938b17,search_g_train,3,1fe4e03c34d26b76,6cf1135f1e37f3de,ts-train-service,GET /api/v1/trainservice/trains/{id},server,2026-08-27T17:29:22.655000+00:00,87.86,GET,/api/v1/trainservice/trains/{id},200,false
4980dcc0a82245b00679ddfe6f938b17,search_g_train,3,0cb16c1ec8e083ca,c748f6d0e93f06c5,ts-train-service,GET /api/v1/trainservice/trains/{id},server,2026-08-27T17:29:22.813000+00:00,34.11,GET,/api/v1/trainservice/trains/{id},200,false
4980dcc0a82245b00679ddfe6f938b17,search_g_train,3,1d1cfabade2b093b,694d29af26cfeaa7,ts-ticketinfo-service,POST,client,2026-08-27T17:29:20.238448+00:00,668.317,POST,,200,false
4980dcc0a82245b00679ddfe6f938b17,search_g_train,3,14ce243de98102c3,35962e4175327b60,ts-ticketinfo-service,GET,client,2026-08-27T17:29:21.385226+00:00,19.953,GET,,200,false
4980dcc0a82245b00679ddfe6f938b17,search_g_train,3,f7a51a64f8eb9a16,3fa06fcf4dab5187,ts-ticketinfo-service,GET,client,2026-08-27T17:29:21.450386+00:00,59.833,GET,,200,false
4980dcc0a82245b00679ddfe6f938b17,search_g_train,3,9dc93755022979a2,cd93d4b692a9dcdd,ts-ticketinfo-service,GET,client,2026-08-27T17:29:21.897176+00:00,52.938,GET,,200,false
4980dcc0a82245b00679ddfe6f938b17,search_g_train,3,7ade1fb21207025f,3c7f314f5742c98c,ts-ticketinfo-service,GET,client,2026-08-27T17:29:22.135338+00:00,47.447,GET,,200,false
4980dcc0a82245b00679ddfe6f938b17,search_g_train,3,694d29af26cfeaa7,b77c6b6477bf6158,ts-ticketinfo-service,POST /api/v1/ticketinfoservice/ticketinfo,server,2026-08-27T17:29:20.104000+00:00,866.625,POST,/api/v1/ticketinfoservice/ticketinfo,200,false
4980dcc0a82245b00679ddfe6f938b17,search_g_train,3,35962e4175327b60,eb368198ea7bfbdc,ts-ticketinfo-service,GET /api/v1/ticketinfoservice/ticketinfo/{name},server,2026-08-27T17:29:21.319000+00:00,92.731,GET,/api/v1/ticketinfoservice/ticketinfo/{name},200,false
4980dcc0a82245b00679ddfe6f938b17,search_g_train,3,3fa06fcf4dab5187,8be27aabbd6af6a9,ts-ticketinfo-service,GET /api/v1/ticketinfoservice/ticketinfo/{name},server,2026-08-27T17:29:21.417000+00:00,103.736,GET,/api/v1/ticketinfoservice/ticketinfo/{name},200,false
4980dcc0a82245b00679ddfe6f938b17,search_g_train,3,cd93d4b692a9dcdd,a6d077f0b462420e,ts-ticketinfo-service,GET /api/v1/ticketinfoservice/ticketinfo/{name},server,2026-08-27T17:29:21.881000+00:00,119.721,GET,/api/v1/ticketinfoservice/ticketinfo/{name},200,false
4980dcc0a82245b00679ddfe6f938b17,search_g_train,3,3c7f314f5742c98c,2aafe678993db12d,ts-ticketinfo-service,GET /api/v1/ticketinfoservice/ticketinfo/{name},server,2026-08-27T17:29:21.990000+00:00,331.232,GET,/api/v1/ticketinfoservice/ticketinfo/{name},200,false
4980dcc0a82245b00679ddfe6f938b17,search_g_train,3,55746d1b69e140b9,fe08213d54604288,ts-station-service,StationRepository.findByName,internal,2026-08-27T17:29:21.396861+00:00,3.557,,,,false
4980dcc0a82245b00679ddfe6f938b17,search_g_train,3,86000bfa8efcf716,6b940306636468d2,ts-station-service,StationRepository.findByName,internal,2026-08-27T17:29:21.488384+00:00,3.868,,,,false
4980dcc0a82245b00679ddfe6f938b17,search_g_train,3,bf5a68fe82962763,755f4a5d9c3591e8,ts-station-service,StationRepository.findByName,internal,2026-08-27T17:29:21.907688+00:00,3.889,,,,false
4980dcc0a82245b00679ddfe6f938b17,search_g_train,3,226583b90863ad4c,d6204aa36b0d7268,ts-station-service,StationRepository.findByName,internal,2026-08-27T17:29:22.176417+00:00,2.254,,,,false
4980dcc0a82245b00679ddfe6f938b17,search_g_train,3,a5c9bc500f9874d7,55746d1b69e140b9,ts-station-service,find ts.station,client,2026-08-27T17:29:21.397737+00:00,1.456,,,,false
4980dcc0a82245b00679ddfe6f938b17,search_g_train,3,788e6f59194518da,86000bfa8efcf716,ts-station-service,find ts.station,client,2026-08-27T17:29:21.489896+00:00,1.669,,,,false
4980dcc0a82245b00679ddfe6f938b17,search_g_train,3,6de45de4b4a6f5d6,bf5a68fe82962763,ts-station-service,find ts.station,client,2026-08-27T17:29:21.909424+00:00,1.395,,,,false
4980dcc0a82245b00679ddfe6f938b17,search_g_train,3,979558391750ef01,226583b90863ad4c,ts-station-service,find ts.station,client,2026-08-27T17:29:22.177130+00:00,0.961,,,,false
4980dcc0a82245b00679ddfe6f938b17,search_g_train,3,819ef64540d86a95,8b682bbee9723537,ts-station-service,GET /api/v1/stationservice/stations/id/{stationNameForId},server,2026-08-27T17:29:20.804000+00:00,82.675,GET,/api/v1/stationservice/stations/id/{stationNameForId},200,false
4980dcc0a82245b00679ddfe6f938b17,search_g_train,3,fe08213d54604288,9c0e2aad97a09044,ts-station-service,GET /api/v1/stationservice/stations/id/{stationNameForId},server,2026-08-27T17:29:21.395000+00:00,8.96,GET,/api/v1/stationservice/stations/id/{stationNameForId},200,false
4980dcc0a82245b00679ddfe6f938b17,search_g_train,3,6b940306636468d2,818f1b62fc063bce,ts-station-service,GET /api/v1/stationservice/stations/id/{stationNameForId},server,2026-08-27T17:29:21.485000+00:00,9.926,GET,/api/v1/stationservice/stations/id/{stationNameForId},200,false
4980dcc0a82245b00679ddfe6f938b17,search_g_train,3,755f4a5d9c3591e8,c7f6f672b97ee7bf,ts-station-service,GET /api/v1/stationservice/stations/id/{stationNameForId},server,2026-08-27T17:29:21.903000+00:00,24.819,GET,/api/v1/stationservice/stations/id/{stationNameForId},200,false
4980dcc0a82245b00679ddfe6f938b17,search_g_train,3,d6204aa36b0d7268,e14a2146d43b478c,ts-station-service,GET /api/v1/stationservice/stations/id/{stationNameForId},server,2026-08-27T17:29:22.175000+00:00,5.378,GET,/api/v1/stationservice/stations/id/{stationNameForId},200,false
4980dcc0a82245b00679ddfe6f938b17,search_g_train,3,8b682bbee9723537,854af8fcbcbb16f6,ts-basic-service,GET,client,2026-08-27T17:29:20.795048+00:00,90.41,GET,,200,false
4980dcc0a82245b00679ddfe6f938b17,search_g_train,3,9c0e2aad97a09044,dc0a5a0d95170307,ts-basic-service,GET,client,2026-08-27T17:29:21.392187+00:00,10.295,GET,,200,false
4980dcc0a82245b00679ddfe6f938b17,search_g_train,3,818f1b62fc063bce,e29199db221a7da6,ts-basic-service,GET,client,2026-08-27T17:29:21.483013+00:00,18.015,GET,,200,false
4980dcc0a82245b00679ddfe6f938b17,search_g_train,3,c7f6f672b97ee7bf,d1d4f49d0a5258b1,ts-basic-service,GET,client,2026-08-27T17:29:21.901542+00:00,14.08,GET,,200,false
4980dcc0a82245b00679ddfe6f938b17,search_g_train,3,e14a2146d43b478c,f8f15da80781a060,ts-basic-service,GET,client,2026-08-27T17:29:22.173798+00:00,6.524,GET,,200,false
4980dcc0a82245b00679ddfe6f938b17,search_g_train,3,854af8fcbcbb16f6,1d1cfabade2b093b,ts-basic-service,POST /api/v1/basicservice/basic/travel,server,2026-08-27T17:29:20.264000+00:00,626.635,POST,/api/v1/basicservice/basic/travel,200,false
4980dcc0a82245b00679ddfe6f938b17,search_g_train,3,dc0a5a0d95170307,14ce243de98102c3,ts-basic-service,GET /api/v1/basicservice/basic/{stationName},server,2026-08-27T17:29:21.387000+00:00,18.739,GET,/api/v1/basicservice/basic/{stationName},200,false
4980dcc0a82245b00679ddfe6f938b17,search_g_train,3,e29199db221a7da6,f7a51a64f8eb9a16,ts-basic-service,GET /api/v1/basicservice/basic/{stationName},server,2026-08-27T17:29:21.461000+00:00,44.376,GET,/api/v1/basicservice/basic/{stationName},200,false
4980dcc0a82245b00679ddfe6f938b17,search_g_train,3,d1d4f49d0a5258b1,9dc93755022979a2,ts-basic-service,GET /api/v1/basicservice/basic/{stationName},server,2026-08-27T17:29:21.899000+00:00,34.437,GET,/api/v1/basicservice/basic/{stationName},200,false
4980dcc0a82245b00679ddfe6f938b17,search_g_train,3,f8f15da80781a060,7ade1fb21207025f,ts-basic-service,GET /api/v1/basicservice/basic/{stationName},server,2026-08-27T17:29:22.141000+00:00,41.535,GET,/api/v1/basicservice/basic/{stationName},200,false
4980dcc0a82245b00679ddfe6f938b17,search_g_train,3,1179c02703788015,36242b6cccf19d3d,ts-route-service,find ts.routes,client,2026-08-27T17:29:21.602626+00:00,1.606,,,,false
4980dcc0a82245b00679ddfe6f938b17,search_g_train,3,316ee90ef5941b26,30bc0b7af1fb8bbc,ts-route-service,find ts.routes,client,2026-08-27T17:29:22.450709+00:00,0.977,,,,false
4980dcc0a82245b00679ddfe6f938b17,search_g_train,3,d773657427a95bad,460c1bcae509c66d,ts-route-service,GET /api/v1/routeservice/routes/{routeId},server,2026-08-27T17:29:21.598000+00:00,10.253,GET,/api/v1/routeservice/routes/{routeId},200,false
4980dcc0a82245b00679ddfe6f938b17,search_g_train,3,618c435cd55cf9de,3c694305f0410f87,ts-route-service,GET /api/v1/routeservice/routes/{routeId},server,2026-08-27T17:29:22.448000+00:00,11.643,GET,/api/v1/routeservice/routes/{routeId},200,false
4980dcc0a82245b00679ddfe6f938b17,search_g_train,3,36242b6cccf19d3d,d773657427a95bad,ts-route-service,RouteRepository.findById,internal,2026-08-27T17:29:21.600992+00:00,3.804,,,,false
4980dcc0a82245b00679ddfe6f938b17,search_g_train,3,30bc0b7af1fb8bbc,618c435cd55cf9de,ts-route-service,RouteRepository.findById,internal,2026-08-27T17:29:22.449774+00:00,4.07,,,,false
57e86bf8bc7992df6090854ff32ba3b0,UNMATCHED,,592d6288486c96a6,379906ce03469c92,ts-station-service,StationRepository.findByName,internal,2026-08-27T17:23:57.764413+00:00,7.079,,,,false
57e86bf8bc7992df6090854ff32ba3b0,UNMATCHED,,606408a151525352,150f97463d0094d0,ts-station-service,StationRepository.findByName,internal,2026-08-27T17:23:57.850307+00:00,5.759,,,,false
57e86bf8bc7992df6090854ff32ba3b0,UNMATCHED,,621e7e6444ccf7c5,592d6288486c96a6,ts-station-service,find ts.station,client,2026-08-27T17:23:57.766488+00:00,2.009,,,,false
57e86bf8bc7992df6090854ff32ba3b0,UNMATCHED,,c842e81c10ddaaeb,606408a151525352,ts-station-service,find ts.station,client,2026-08-27T17:23:57.852277+00:00,2.935,,,,false
57e86bf8bc7992df6090854ff32ba3b0,UNMATCHED,,379906ce03469c92,eecacd5719fca282,ts-station-service,GET /api/v1/stationservice/stations/id/{stationNameForId},server,2026-08-27T17:23:55.934000+00:00,1842.845,GET,/api/v1/stationservice/stations/id/{stationNameForId},200,false
57e86bf8bc7992df6090854ff32ba3b0,UNMATCHED,,150f97463d0094d0,f1f551691894fc23,ts-station-service,GET /api/v1/stationservice/stations/id/{stationNameForId},server,2026-08-27T17:23:57.841000+00:00,17.81,GET,/api/v1/stationservice/stations/id/{stationNameForId},200,false
57e86bf8bc7992df6090854ff32ba3b0,UNMATCHED,,eecacd5719fca282,e5abe4e3022d7c81,ts-basic-service,GET,client,2026-08-27T17:23:55.849880+00:00,1923.859,GET,,200,false
57e86bf8bc7992df6090854ff32ba3b0,UNMATCHED,,f1f551691894fc23,5b06be4e3fd54632,ts-basic-service,GET,client,2026-08-27T17:23:57.839697+00:00,18.479,GET,,200,false
57e86bf8bc7992df6090854ff32ba3b0,UNMATCHED,,e5abe4e3022d7c81,222f9db5949d8c22,ts-basic-service,GET /api/v1/basicservice/basic/{stationName},server,2026-08-27T17:23:55.636000+00:00,2143.467,GET,/api/v1/basicservice/basic/{stationName},200,false
57e86bf8bc7992df6090854ff32ba3b0,UNMATCHED,,5b06be4e3fd54632,5dbb6aa907530e18,ts-basic-service,GET /api/v1/basicservice/basic/{stationName},server,2026-08-27T17:23:57.831000+00:00,35.519,GET,/api/v1/basicservice/basic/{stationName},200,false
57e86bf8bc7992df6090854ff32ba3b0,UNMATCHED,,222f9db5949d8c22,046e64c54e70a22f,ts-ticketinfo-service,GET,client,2026-08-27T17:23:55.481775+00:00,2297.454,GET,,200,false
57e86bf8bc7992df6090854ff32ba3b0,UNMATCHED,,5dbb6aa907530e18,626518caf2f94575,ts-ticketinfo-service,GET,client,2026-08-27T17:23:57.816747+00:00,44.38,GET,,200,false
57e86bf8bc7992df6090854ff32ba3b0,UNMATCHED,,046e64c54e70a22f,89d836e7c5fe6b87,ts-ticketinfo-service,GET /api/v1/ticketinfoservice/ticketinfo/{name},server,2026-08-27T17:23:55.408000+00:00,2388.07,GET,/api/v1/ticketinfoservice/ticketinfo/{name},200,false
57e86bf8bc7992df6090854ff32ba3b0,UNMATCHED,,626518caf2f94575,d1221c6c281e9015,ts-ticketinfo-service,GET /api/v1/ticketinfoservice/ticketinfo/{name},server,2026-08-27T17:23:57.812000+00:00,53.086,GET,/api/v1/ticketinfoservice/ticketinfo/{name},200,false
57e86bf8bc7992df6090854ff32ba3b0,UNMATCHED,,5b7004e0ab5e3b8f,a08b9db008cb3c47,ts-travel2-service,find ts.trip,client,2026-08-24T01:13:40.602993+00:00,14.422,,,,false
57e86bf8bc7992df6090854ff32ba3b0,UNMATCHED,,a08b9db008cb3c47,a857c25722bcb80c,ts-travel2-service,TripRepository.findAll,internal,2026-08-24T01:13:38.708965+00:00,1916.329,,,,false
57e86bf8bc7992df6090854ff32ba3b0,UNMATCHED,,a857c25722bcb80c,d6ee1c83aaf601d7,ts-travel2-service,POST /api/v1/travel2service/trips/left,server,2026-08-24T01:13:15.355000+00:00,26293.379,POST,/api/v1/travel2service/trips/left,200,false
57e86bf8bc7992df6090854ff32ba3b0,UNMATCHED,,89d836e7c5fe6b87,a857c25722bcb80c,ts-travel2-service,GET,client,2026-08-24T01:13:16.481153+00:00,22126.07,GET,,200,false
57e86bf8bc7992df6090854ff32ba3b0,UNMATCHED,,d1221c6c281e9015,a857c25722bcb80c,ts-travel2-service,GET,client,2026-08-24T01:13:38.615072+00:00,73.522,GET,,200,false
57e86bf8bc7992df6090854ff32ba3b0,UNMATCHED,,9c3769ade6ba82a4,a857c25722bcb80c,ts-travel2-service,GET,client,2026-08-24T01:13:40.718081+00:00,22.101,GET,,200,false
57e86bf8bc7992df6090854ff32ba3b0,UNMATCHED,,f20110f463481616,a857c25722bcb80c,ts-travel2-service,GET,client,2026-08-24T01:13:40.827625+00:00,22.603,GET,,200,false
57e86bf8bc7992df6090854ff32ba3b0,UNMATCHED,,1f6b26fdf72f8f6b,a857c25722bcb80c,ts-travel2-service,GET,client,2026-08-24T01:13:41.026639+00:00,95.146,GET,,200,false
57e86bf8bc7992df6090854ff32ba3b0,UNMATCHED,,08091804e6d16fba,a857c25722bcb80c,ts-travel2-service,GET,client,2026-08-24T01:13:41.201393+00:00,26.877,GET,,200,false
57e86bf8bc7992df6090854ff32ba3b0,UNMATCHED,,a3c65816454192b1,a857c25722bcb80c,ts-travel2-service,GET,client,2026-08-24T01:13:41.322900+00:00,155.52,GET,,200,false
57e86bf8bc7992df6090854ff32ba3b0,UNMATCHED,,e38d8f2b555c8573,8cc2505a0fd88380,ts-route-service,find ts.routes,client,2026-08-27T17:23:59.918951+00:00,2.283,,,,false
57e86bf8bc7992df6090854ff32ba3b0,UNMATCHED,,cec5d4a376df494a,03442cf7efacfac6,ts-route-service,find ts.routes,client,2026-08-27T17:24:00.030582+00:00,1.383,,,,false
57e86bf8bc7992df6090854ff32ba3b0,UNMATCHED,,a419accca55f4dee,e501f4c3aec5f827,ts-route-service,find ts.routes,client,2026-08-27T17:24:00.278296+00:00,3.394,,,,false
57e86bf8bc7992df6090854ff32ba3b0,UNMATCHED,,0bf47cc8ff3f0cc7,d5d08d9ae53fa4d7,ts-route-service,find ts.routes,client,2026-08-27T17:24:00.404605+00:00,2.495,,,,false
57e86bf8bc7992df6090854ff32ba3b0,UNMATCHED,,60925e927f347244,b0ad11f8bda3c1e1,ts-route-service,find ts.routes,client,2026-08-27T17:24:00.615257+00:00,1.814,,,,false
57e86bf8bc7992df6090854ff32ba3b0,UNMATCHED,,db26577896bcd600,9c3769ade6ba82a4,ts-route-service,GET /api/v1/routeservice/routes/{routeId},server,2026-08-27T17:23:59.909000+00:00,15.995,GET,/api/v1/routeservice/routes/{routeId},200,false
57e86bf8bc7992df6090854ff32ba3b0,UNMATCHED,,2c2dc06dff055207,f20110f463481616,ts-route-service,GET /api/v1/routeservice/routes/{routeId},server,2026-08-27T17:24:00.021000+00:00,16.591,GET,/api/v1/routeservice/routes/{routeId},200,false
57e86bf8bc7992df6090854ff32ba3b0,UNMATCHED,,f40ac296c94f6371,1f6b26fdf72f8f6b,ts-route-service,GET /api/v1/routeservice/routes/{routeId},server,2026-08-27T17:24:00.255000+00:00,56.203,GET,/api/v1/routeservice/routes/{routeId},200,false
57e86bf8bc7992df6090854ff32ba3b0,UNMATCHED,,124c34a29fb4e153,08091804e6d16fba,ts-route-service,GET /api/v1/routeservice/routes/{routeId},server,2026-08-27T17:24:00.393000+00:00,17.814,GET,/api/v1/routeservice/routes/{routeId},200,false
57e86bf8bc7992df6090854ff32ba3b0,UNMATCHED,,098e9faa01931fbe,a3c65816454192b1,ts-route-service,GET /api/v1/routeservice/routes/{routeId},server,2026-08-27T17:24:00.606000+00:00,19.172,GET,/api/v1/routeservice/routes/{routeId},200,false
57e86bf8bc7992df6090854ff32ba3b0,UNMATCHED,,8cc2505a0fd88380,db26577896bcd600,ts-route-service,RouteRepository.findById,internal,2026-08-27T17:23:59.913089+00:00,8.874,,,,false
57e86bf8bc7992df6090854ff32ba3b0,UNMATCHED,,03442cf7efacfac6,2c2dc06dff055207,ts-route-service,RouteRepository.findById,internal,2026-08-27T17:24:00.026951+00:00,5.506,,,,false
57e86bf8bc7992df6090854ff32ba3b0,UNMATCHED,,e501f4c3aec5f827,f40ac296c94f6371,ts-route-service,RouteRepository.findById,internal,2026-08-27T17:24:00.276689+00:00,9.712,,,,false
57e86bf8bc7992df6090854ff32ba3b0,UNMATCHED,,d5d08d9ae53fa4d7,124c34a29fb4e153,ts-route-service,RouteRepository.findById,internal,2026-08-27T17:24:00.400914+00:00,6.833,,,,false
57e86bf8bc7992df6090854ff32ba3b0,UNMATCHED,,b0ad11f8bda3c1e1,098e9faa01931fbe,ts-route-service,RouteRepository.findById,internal,2026-08-27T17:24:00.610082+00:00,7.445,,,,false
5d9f016d11fea5d6ec32aeb9daaaab83,UNMATCHED,,c7b4a08b45ff1bd8,1c62687fc9f16cd2,ts-station-service,StationRepository.findByName,internal,2026-08-27T17:23:55.938066+00:00,352.248,,,,false
5d9f016d11fea5d6ec32aeb9daaaab83,UNMATCHED,,db7184da92c917b2,b286106aceef876c,ts-station-service,StationRepository.findByName,internal,2026-08-27T17:23:57.764044+00:00,25.801,,,,false
5d9f016d11fea5d6ec32aeb9daaaab83,UNMATCHED,,2f3f10b9c982016a,c7b4a08b45ff1bd8,ts-station-service,find ts.station,client,2026-08-27T17:23:55.939744+00:00,349.971,,,,false
5d9f016d11fea5d6ec32aeb9daaaab83,UNMATCHED,,74fadbbe0bd369a2,db7184da92c917b2,ts-station-service,find ts.station,client,2026-08-27T17:23:57.768415+00:00,19.782,,,,false
5d9f016d11fea5d6ec32aeb9daaaab83,UNMATCHED,,1c62687fc9f16cd2,1f9933d294ab099b,ts-station-service,GET /api/v1/stationservice/stations/id/{stationNameForId},server,2026-08-27T17:23:55.934000+00:00,358.237,GET,/api/v1/stationservice/stations/id/{stationNameForId},200,false
5d9f016d11fea5d6ec32aeb9daaaab83,UNMATCHED,,b286106aceef876c,70f6584eee6eccef,ts-station-service,GET /api/v1/stationservice/stations/id/{stationNameForId},server,2026-08-27T17:23:56.678000+00:00,1122.753,GET,/api/v1/stationservice/stations/id/{stationNameForId},200,false
5d9f016d11fea5d6ec32aeb9daaaab83,UNMATCHED,,1f9933d294ab099b,92069997b3f72c03,ts-basic-service,GET,client,2026-08-27T17:23:55.881268+00:00,410.311,GET,,200,false
5d9f016d11fea5d6ec32aeb9daaaab83,UNMATCHED,,70f6584eee6eccef,27457801509f89e3,ts-basic-service,GET,client,2026-08-27T17:23:56.675727+00:00,1124.335,GET,,200,false
5d9f016d11fea5d6ec32aeb9daaaab83,UNMATCHED,,92069997b3f72c03,475b71aa7b956900,ts-basic-service,GET /api/v1/basicservice/basic/{stationName},server,2026-08-27T17:23:55.876000+00:00,426.299,GET,/api/v1/basicservice/basic/{stationName},200,false
5d9f016d11fea5d6ec32aeb9daaaab83,UNMATCHED,,27457801509f89e3,b740f72accc04095,ts-basic-service,GET /api/v1/basicservice/basic/{stationName},server,2026-08-27T17:23:56.659000+00:00,1147.952,GET,/api/v1/basicservice/basic/{stationName},200,false
5d9f016d11fea5d6ec32aeb9daaaab83,UNMATCHED,,475b71aa7b956900,6c32b76622827d3a,ts-ticketinfo-service,GET,client,2026-08-27T17:23:55.841667+00:00,460.138,GET,,200,false
5d9f016d11fea5d6ec32aeb9daaaab83,UNMATCHED,,b740f72accc04095,16220ee55ed21247,ts-ticketinfo-service,GET,client,2026-08-27T17:23:56.649614+00:00,1152.112,GET,,200,false
5d9f016d11fea5d6ec32aeb9daaaab83,UNMATCHED,,6c32b76622827d3a,e0cbc942b3f5d147,ts-ticketinfo-service,GET /api/v1/ticketinfoservice/ticketinfo/{name},server,2026-08-27T17:23:55.469000+00:00,965.314,GET,/api/v1/ticketinfoservice/ticketinfo/{name},200,false
5d9f016d11fea5d6ec32aeb9daaaab83,UNMATCHED,,16220ee55ed21247,35b6021d8e341f54,ts-ticketinfo-service,GET /api/v1/ticketinfoservice/ticketinfo/{name},server,2026-08-27T17:23:56.646000+00:00,1166.972,GET,/api/v1/ticketinfoservice/ticketinfo/{name},200,false
5d9f016d11fea5d6ec32aeb9daaaab83,UNMATCHED,,48aa7e55462f538b,631cb52eda29c4a8,ts-travel2-service,find ts.trip,client,2026-08-24T01:13:40.625272+00:00,93.894,,,,false
5d9f016d11fea5d6ec32aeb9daaaab83,UNMATCHED,,631cb52eda29c4a8,4b4b6b248d42ebff,ts-travel2-service,TripRepository.findAll,internal,2026-08-24T01:13:38.643471+00:00,2081.779,,,,false
5d9f016d11fea5d6ec32aeb9daaaab83,UNMATCHED,,4b4b6b248d42ebff,763631924b14008a,ts-travel2-service,POST /api/v1/travel2service/trips/left,server,2026-08-24T01:13:15.278000+00:00,26372.419,POST,/api/v1/travel2service/trips/left,200,false
5d9f016d11fea5d6ec32aeb9daaaab83,UNMATCHED,,e0cbc942b3f5d147,4b4b6b248d42ebff,ts-travel2-service,GET,client,2026-08-24T01:13:15.792363+00:00,21454.507,GET,,200,false
5d9f016d11fea5d6ec32aeb9daaaab83,UNMATCHED,,35b6021d8e341f54,4b4b6b248d42ebff,ts-travel2-service,GET,client,2026-08-24T01:13:37.429945+00:00,1194.321,GET,,200,false
5d9f016d11fea5d6ec32aeb9daaaab83,UNMATCHED,,742e2149e0376106,4b4b6b248d42ebff,ts-travel2-service,GET,client,2026-08-24T01:13:40.728395+00:00,47.821,GET,,200,false
5d9f016d11fea5d6ec32aeb9daaaab83,UNMATCHED,,d76777f8deff81ab,4b4b6b248d42ebff,ts-travel2-service,GET,client,2026-08-24T01:13:40.902855+00:00,48.466,GET,,200,false
5d9f016d11fea5d6ec32aeb9daaaab83,UNMATCHED,,2f3cad3e2568858a,4b4b6b248d42ebff,ts-travel2-service,GET,client,2026-08-24T01:13:41.115709+00:00,42.223,GET,,200,false
5d9f016d11fea5d6ec32aeb9daaaab83,UNMATCHED,,0329ee5b6d7ee4cf,4b4b6b248d42ebff,ts-travel2-service,GET,client,2026-08-24T01:13:41.207607+00:00,39.194,GET,,200,false
5d9f016d11fea5d6ec32aeb9daaaab83,UNMATCHED,,2d6918404b78dc53,4b4b6b248d42ebff,ts-travel2-service,GET,client,2026-08-24T01:13:41.394702+00:00,26.12,GET,,200,false
5d9f016d11fea5d6ec32aeb9daaaab83,UNMATCHED,,02d7c423d6163b00,4f61a93e46419648,ts-route-service,find ts.routes,client,2026-08-27T17:23:59.942040+00:00,1.234,,,,false
5d9f016d11fea5d6ec32aeb9daaaab83,UNMATCHED,,be983b590ba974bc,2e977db968342b16,ts-route-service,find ts.routes,client,2026-08-27T17:24:00.124484+00:00,1.807,,,,false
5d9f016d11fea5d6ec32aeb9daaaab83,UNMATCHED,,1d50fbacd983f671,55c5a71d229e0d94,ts-route-service,find ts.routes,client,2026-08-27T17:24:00.329848+00:00,1.285,,,,false
5d9f016d11fea5d6ec32aeb9daaaab83,UNMATCHED,,e6edc05432861dff,4a7ccc188ca9895c,ts-route-service,find ts.routes,client,2026-08-27T17:24:00.427067+00:00,1.399,,,,false
5d9f016d11fea5d6ec32aeb9daaaab83,UNMATCHED,,788281915fefc3f1,2b297eb424c6cff4,ts-route-service,find ts.routes,client,2026-08-27T17:24:00.601317+00:00,1.934,,,,false
5d9f016d11fea5d6ec32aeb9daaaab83,UNMATCHED,,500a183b5236c9a0,742e2149e0376106,ts-route-service,GET /api/v1/routeservice/routes/{routeId},server,2026-08-27T17:23:59.938000+00:00,12.016,GET,/api/v1/routeservice/routes/{routeId},200,false
5d9f016d11fea5d6ec32aeb9daaaab83,UNMATCHED,,971862abec311570,d76777f8deff81ab,ts-route-service,GET /api/v1/routeservice/routes/{routeId},server,2026-08-27T17:24:00.108000+00:00,29.913,GET,/api/v1/routeservice/routes/{routeId},200,false
5d9f016d11fea5d6ec32aeb9daaaab83,UNMATCHED,,5b7d228611c6acad,2f3cad3e2568858a,ts-route-service,GET /api/v1/routeservice/routes/{routeId},server,2026-08-27T17:24:00.321000+00:00,23.403,GET,/api/v1/routeservice/routes/{routeId},200,false
5d9f016d11fea5d6ec32aeb9daaaab83,UNMATCHED,,651634a24d790719,0329ee5b6d7ee4cf,ts-route-service,GET /api/v1/routeservice/routes/{routeId},server,2026-08-27T17:24:00.413000+00:00,25.98,GET,/api/v1/routeservice/routes/{routeId},200,false
5d9f016d11fea5d6ec32aeb9daaaab83,UNMATCHED,,21307932f1f4ef7f,2d6918404b78dc53,ts-route-service,GET /api/v1/routeservice/routes/{routeId},server,2026-08-27T17:24:00.590000+00:00,16.882,GET,/api/v1/routeservice/routes/{routeId},200,false
5d9f016d11fea5d6ec32aeb9daaaab83,UNMATCHED,,4f61a93e46419648,500a183b5236c9a0,ts-route-service,RouteRepository.findById,internal,2026-08-27T17:23:59.940990+00:00,2.708,,,,false
5d9f016d11fea5d6ec32aeb9daaaab83,UNMATCHED,,2e977db968342b16,971862abec311570,ts-route-service,RouteRepository.findById,internal,2026-08-27T17:24:00.117270+00:00,9.792,,,,false
5d9f016d11fea5d6ec32aeb9daaaab83,UNMATCHED,,55c5a71d229e0d94,5b7d228611c6acad,ts-route-service,RouteRepository.findById,internal,2026-08-27T17:24:00.327498+00:00,4.36,,,,false
5d9f016d11fea5d6ec32aeb9daaaab83,UNMATCHED,,4a7ccc188ca9895c,651634a24d790719,ts-route-service,RouteRepository.findById,internal,2026-08-27T17:24:00.424993+00:00,3.971,,,,false
5d9f016d11fea5d6ec32aeb9daaaab83,UNMATCHED,,2b297eb424c6cff4,21307932f1f4ef7f,ts-route-service,RouteRepository.findById,internal,2026-08-27T17:24:00.596451+00:00,7.722,,,,false
7692da95e60738431655848fe8a98b0c,login,3,a14e164dec046d39,164139885c6f781f,ts-auth-service,find ts-auth-mongo.user,client,2026-08-27T17:29:09.926323+00:00,10.444,,,,false
7692da95e60738431655848fe8a98b0c,login,3,1328a335f9365aa3,692f3ad8b8e8cb35,ts-auth-service,find ts-auth-mongo.user,client,2026-08-27T17:29:10.154925+00:00,16.37,,,,false
7692da95e60738431655848fe8a98b0c,login,3,5186970a7ce21cb3,29edaf8255ae2706,ts-auth-service,POST /api/v1/users/login,server,2026-08-27T17:29:09.484000+00:00,751.594,POST,/api/v1/users/login,200,false
7692da95e60738431655848fe8a98b0c,login,3,164139885c6f781f,5186970a7ce21cb3,ts-auth-service,UserRepository.findByUsername,internal,2026-08-27T17:29:09.890062+00:00,47.205,,,,false
7692da95e60738431655848fe8a98b0c,login,3,692f3ad8b8e8cb35,5186970a7ce21cb3,ts-auth-service,UserRepository.findByUsername,internal,2026-08-27T17:29:10.115965+00:00,57.381,,,,false
7692da95e60738431655848fe8a98b0c,login,3,c50fe7a6e5bdaaa5,5186970a7ce21cb3,ts-auth-service,GET,client,2026-08-27T17:29:09.580990+00:00,263.933,GET,,200,false
7692da95e60738431655848fe8a98b0c,login,3,6d1f07c68c3b3d79,c50fe7a6e5bdaaa5,ts-verification-code-service,GET /api/v1/verifycode/verify/{verifyCode},server,2026-08-27T17:29:09.599000+00:00,214.316,GET,/api/v1/verifycode/verify/{verifyCode},200,false
797926b1b0e4ecce15a87f799680b513,UNMATCHED,,d96c0577ad82c9fa,c9c6080982db0afe,ts-station-service,StationRepository.findByName,internal,2026-08-27T17:23:55.909348+00:00,367.727,,,,false
797926b1b0e4ecce15a87f799680b513,UNMATCHED,,b9456c3b21889e2c,96ed8954ac6a5c0d,ts-station-service,StationRepository.findByName,internal,2026-08-27T17:23:57.758576+00:00,20.718,,,,false
797926b1b0e4ecce15a87f799680b513,UNMATCHED,,3593793d27cde524,d96c0577ad82c9fa,ts-station-service,find ts.station,client,2026-08-27T17:23:55.911721+00:00,363.988,,,,false
797926b1b0e4ecce15a87f799680b513,UNMATCHED,,5809fd93cdb68497,b9456c3b21889e2c,ts-station-service,find ts.station,client,2026-08-27T17:23:57.770291+00:00,8.314,,,,false
797926b1b0e4ecce15a87f799680b513,UNMATCHED,,c9c6080982db0afe,f7e6c639e7703314,ts-station-service,GET /api/v1/stationservice/stations/id/{stationNameForId},server,2026-08-27T17:23:55.902000+00:00,383.927,GET,/api/v1/stationservice/stations/id/{stationNameForId},200,false
797926b1b0e4ecce15a87f799680b513,UNMATCHED,,96ed8954ac6a5c0d,20bbaeefd587dd57,ts-station-service,GET /api/v1/stationservice/stations/id/{stationNameForId},server,2026-08-27T17:23:56.637000+00:00,1144.913,GET,/api/v1/stationservice/stations/id/{stationNameForId},200,false
797926b1b0e4ecce15a87f799680b513,UNMATCHED,,f7e6c639e7703314,24bd064ca943dac0,ts-basic-service,GET,client,2026-08-27T17:23:55.724410+00:00,556.276,GET,,200,false
797926b1b0e4ecce15a87f799680b513,UNMATCHED,,20bbaeefd587dd57,a148f68a9ef1319d,ts-basic-service,GET,client,2026-08-27T17:23:56.631393+00:00,1149.728,GET,,200,false
797926b1b0e4ecce15a87f799680b513,UNMATCHED,,24bd064ca943dac0,8e016f040f9ef35b,ts-basic-service,GET /api/v1/basicservice/basic/{stationName},server,2026-08-27T17:23:55.671000+00:00,631.404,GET,/api/v1/basicservice/basic/{stationName},200,false
797926b1b0e4ecce15a87f799680b513,UNMATCHED,,a148f68a9ef1319d,6e8fa232c5baa931,ts-basic-service,GET /api/v1/basicservice/basic/{stationName},server,2026-08-27T17:23:56.536000+00:00,1254.214,GET,/api/v1/basicservice/basic/{stationName},200,false
797926b1b0e4ecce15a87f799680b513,UNMATCHED,,8e016f040f9ef35b,a618583db1a5132d,ts-ticketinfo-service,GET,client,2026-08-27T17:23:55.644340+00:00,656.936,GET,,200,false
797926b1b0e4ecce15a87f799680b513,UNMATCHED,,6e8fa232c5baa931,3b1175f148e6bdb8,ts-ticketinfo-service,GET,client,2026-08-27T17:23:56.531561+00:00,1253.077,GET,,200,false
797926b1b0e4ecce15a87f799680b513,UNMATCHED,,a618583db1a5132d,9f437e7e0fada186,ts-ticketinfo-service,GET /api/v1/ticketinfoservice/ticketinfo/{name},server,2026-08-27T17:23:55.509000+00:00,927.983,GET,/api/v1/ticketinfoservice/ticketinfo/{name},200,false
797926b1b0e4ecce15a87f799680b513,UNMATCHED,,3b1175f148e6bdb8,5a60e7bca9f9f23e,ts-ticketinfo-service,GET /api/v1/ticketinfoservice/ticketinfo/{name},server,2026-08-27T17:23:56.528000+00:00,1268.562,GET,/api/v1/ticketinfoservice/ticketinfo/{name},200,false
797926b1b0e4ecce15a87f799680b513,UNMATCHED,,48a84b1eace21dbb,4e5501d32f4697bd,ts-travel2-service,find ts.trip,client,2026-08-27T17:23:57.810035+00:00,94.388,,,,false
797926b1b0e4ecce15a87f799680b513,UNMATCHED,,4e5501d32f4697bd,6311c44478f2cc38,ts-travel2-service,TripRepository.findAll,internal,2026-08-27T17:23:57.799142+00:00,128.075,,,,false
797926b1b0e4ecce15a87f799680b513,UNMATCHED,,6311c44478f2cc38,f5382b4b58eb89ca,ts-travel2-service,POST /api/v1/travel2service/trips/left,server,2026-08-27T17:23:53.482000+00:00,5591.882,POST,/api/v1/travel2service/trips/left,200,false
797926b1b0e4ecce15a87f799680b513,UNMATCHED,,9f437e7e0fada186,6311c44478f2cc38,ts-travel2-service,GET,client,2026-08-27T17:23:54.202084+00:00,2233.432,GET,,200,false
797926b1b0e4ecce15a87f799680b513,UNMATCHED,,5a60e7bca9f9f23e,6311c44478f2cc38,ts-travel2-service,GET,client,2026-08-27T17:23:56.457947+00:00,1336.545,GET,,200,false
797926b1b0e4ecce15a87f799680b513,UNMATCHED,,2f065064ffaf2c2d,6311c44478f2cc38,ts-travel2-service,GET,client,2026-08-27T17:23:57.935806+00:00,119.041,GET,,200,false
797926b1b0e4ecce15a87f799680b513,UNMATCHED,,055ac58f061b1b97,6311c44478f2cc38,ts-travel2-service,GET,client,2026-08-27T17:23:58.171659+00:00,35.474,GET,,200,false
797926b1b0e4ecce15a87f799680b513,UNMATCHED,,0168e04e4030a428,6311c44478f2cc38,ts-travel2-service,GET,client,2026-08-27T17:23:58.387042+00:00,46.743,GET,,200,false
797926b1b0e4ecce15a87f799680b513,UNMATCHED,,6bcb70681ae1c44a,6311c44478f2cc38,ts-travel2-service,GET,client,2026-08-27T17:23:58.634598+00:00,95.26,GET,,200,false
797926b1b0e4ecce15a87f799680b513,UNMATCHED,,04af2e6df2b4e48c,6311c44478f2cc38,ts-travel2-service,GET,client,2026-08-27T17:23:58.880550+00:00,29.878,GET,,200,false
797926b1b0e4ecce15a87f799680b513,UNMATCHED,,98df0866860ee149,1e0f2ec4728c2bdb,ts-route-service,find ts.routes,client,2026-08-27T17:23:57.975921+00:00,3.458,,,,false
797926b1b0e4ecce15a87f799680b513,UNMATCHED,,e6477605d2574578,1291949ee0412d5c,ts-route-service,find ts.routes,client,2026-08-27T17:23:58.190243+00:00,1.408,,,,false
797926b1b0e4ecce15a87f799680b513,UNMATCHED,,a4d74e29c3e3fcc4,fdce95a9b436d8bc,ts-route-service,find ts.routes,client,2026-08-27T17:23:58.398152+00:00,1.475,,,,false
797926b1b0e4ecce15a87f799680b513,UNMATCHED,,9c6bb859f2010c5e,5fd5336156bae957,ts-route-service,find ts.routes,client,2026-08-27T17:23:58.676178+00:00,1.621,,,,false
797926b1b0e4ecce15a87f799680b513,UNMATCHED,,e75052f9448409e9,9c6896c28675800e,ts-route-service,find ts.routes,client,2026-08-27T17:23:58.903836+00:00,2.121,,,,false
797926b1b0e4ecce15a87f799680b513,UNMATCHED,,2ef79fe07f6d8734,2f065064ffaf2c2d,ts-route-service,GET /api/v1/routeservice/routes/{routeId},server,2026-08-27T17:23:57.966000+00:00,24.084,GET,/api/v1/routeservice/routes/{routeId},200,false
797926b1b0e4ecce15a87f799680b513,UNMATCHED,,de1591181739057f,055ac58f061b1b97,ts-route-service,GET /api/v1/routeservice/routes/{routeId},server,2026-08-27T17:23:58.179000+00:00,27.819,GET,/api/v1/routeservice/routes/{routeId},200,false
797926b1b0e4ecce15a87f799680b513,UNMATCHED,,d88671cb50f02dc3,0168e04e4030a428,ts-route-service,GET /api/v1/routeservice/routes/{routeId},server,2026-08-27T17:23:58.392000+00:00,26.227,GET,/api/v1/routeservice/routes/{routeId},200,false
797926b1b0e4ecce15a87f799680b513,UNMATCHED,,f5ca50e320d734c2,6bcb70681ae1c44a,ts-route-service,GET /api/v1/routeservice/routes/{routeId},server,2026-08-27T17:23:58.659000+00:00,22.952,GET,/api/v1/routeservice/routes/{routeId},200,false
797926b1b0e4ecce15a87f799680b513,UNMATCHED,,bb9563e3f099eeb8,04af2e6df2b4e48c,ts-route-service,GET /api/v1/routeservice/routes/{routeId},server,2026-08-27T17:23:58.898000+00:00,11.219,GET,/api/v1/routeservice/routes/{routeId},200,false
797926b1b0e4ecce15a87f799680b513,UNMATCHED,,1e0f2ec4728c2bdb,2ef79fe07f6d8734,ts-route-service,RouteRepository.findById,internal,2026-08-27T17:23:57.973576+00:00,6.786,,,,false
797926b1b0e4ecce15a87f799680b513,UNMATCHED,,1291949ee0412d5c,de1591181739057f,ts-route-service,RouteRepository.findById,internal,2026-08-27T17:23:58.186510+00:00,5.661,,,,false
797926b1b0e4ecce15a87f799680b513,UNMATCHED,,fdce95a9b436d8bc,d88671cb50f02dc3,ts-route-service,RouteRepository.findById,internal,2026-08-27T17:23:58.395974+00:00,5.961,,,,false
797926b1b0e4ecce15a87f799680b513,UNMATCHED,,5fd5336156bae957,f5ca50e320d734c2,ts-route-service,RouteRepository.findById,internal,2026-08-27T17:23:58.674521+00:00,3.784,,,,false
797926b1b0e4ecce15a87f799680b513,UNMATCHED,,9c6896c28675800e,bb9563e3f099eeb8,ts-route-service,RouteRepository.findById,internal,2026-08-27T17:23:58.901034+00:00,5.457,,,,false
b6dbe85a2ed8b36c48ef149e5bbba327,UNMATCHED,,15f9a8432e513181,a01c86e32d833ae0,ts-travel2-service,find ts.trip,client,2026-08-27T17:24:01.676348+00:00,31.721,,,,false
b6dbe85a2ed8b36c48ef149e5bbba327,UNMATCHED,,a01c86e32d833ae0,9cbac0c937b5e61e,ts-travel2-service,TripRepository.findAll,internal,2026-08-27T17:24:01.628195+00:00,95.202,,,,false
b6dbe85a2ed8b36c48ef149e5bbba327,UNMATCHED,,9cbac0c937b5e61e,d4d004a8ebf9263f,ts-travel2-service,POST /api/v1/travel2service/trips/left,server,2026-08-27T17:24:00.990000+00:00,1381.637,POST,/api/v1/travel2service/trips/left,200,false
b6dbe85a2ed8b36c48ef149e5bbba327,UNMATCHED,,ddda291947d3e567,9cbac0c937b5e61e,ts-travel2-service,GET,client,2026-08-27T17:24:01.140227+00:00,257.663,GET,,200,false
b6dbe85a2ed8b36c48ef149e5bbba327,UNMATCHED,,edd204210ecb5fb7,9cbac0c937b5e61e,ts-travel2-service,GET,client,2026-08-27T17:24:01.407769+00:00,187.886,GET,,200,false
b6dbe85a2ed8b36c48ef149e5bbba327,UNMATCHED,,6e59bbf14b01e13c,9cbac0c937b5e61e,ts-travel2-service,GET,client,2026-08-27T17:24:01.726812+00:00,57.144,GET,,200,false
b6dbe85a2ed8b36c48ef149e5bbba327,UNMATCHED,,b8040d0fd87ffdb7,9cbac0c937b5e61e,ts-travel2-service,GET,client,2026-08-27T17:24:01.868522+00:00,45.675,GET,,200,false
b6dbe85a2ed8b36c48ef149e5bbba327,UNMATCHED,,b6ffddd5abf69e75,9cbac0c937b5e61e,ts-travel2-service,GET,client,2026-08-27T17:24:02.046284+00:00,48.421,GET,,200,false
b6dbe85a2ed8b36c48ef149e5bbba327,UNMATCHED,,c9e928f5a1031351,9cbac0c937b5e61e,ts-travel2-service,GET,client,2026-08-27T17:24:02.227889+00:00,19.294,GET,,200,false
b6dbe85a2ed8b36c48ef149e5bbba327,UNMATCHED,,6b0f67cd3a92ca98,9cbac0c937b5e61e,ts-travel2-service,GET,client,2026-08-27T17:24:02.285679+00:00,26.21,GET,,200,false
b6dbe85a2ed8b36c48ef149e5bbba327,UNMATCHED,,9349396cee29042f,5dc7f7746e00caa5,ts-route-service,find ts.routes,client,2026-08-27T17:24:01.748502+00:00,1.842,,,,false
b6dbe85a2ed8b36c48ef149e5bbba327,UNMATCHED,,312da0ecaefac7a4,e6cfae01e913db02,ts-route-service,find ts.routes,client,2026-08-27T17:24:01.906253+00:00,1.826,,,,false
b6dbe85a2ed8b36c48ef149e5bbba327,UNMATCHED,,e8a42e6ce1754b18,1ab3496c60cfba53,ts-route-service,find ts.routes,client,2026-08-27T17:24:02.075454+00:00,2.578,,,,false
b6dbe85a2ed8b36c48ef149e5bbba327,UNMATCHED,,b7dc67f25a590ae1,cbfb41a7d3c95140,ts-route-service,find ts.routes,client,2026-08-27T17:24:02.242047+00:00,1.771,,,,false
b6dbe85a2ed8b36c48ef149e5bbba327,UNMATCHED,,6f534ba08a5fe5fb,cbe596521f996289,ts-route-service,find ts.routes,client,2026-08-27T17:24:02.304146+00:00,1.573,,,,false
b6dbe85a2ed8b36c48ef149e5bbba327,UNMATCHED,,07dbc4dc126fecbc,6e59bbf14b01e13c,ts-route-service,GET /api/v1/routeservice/routes/{routeId},server,2026-08-27T17:24:01.730000+00:00,24.34,GET,/api/v1/routeservice/routes/{routeId},200,false
b6dbe85a2ed8b36c48ef149e5bbba327,UNMATCHED,,c226a5b4a0df9060,b8040d0fd87ffdb7,ts-route-service,GET /api/v1/routeservice/routes/{routeId},server,2026-08-27T17:24:01.886000+00:00,25.624,GET,/api/v1/routeservice/routes/{routeId},200,false
b6dbe85a2ed8b36c48ef149e5bbba327,UNMATCHED,,d059042727003194,b6ffddd5abf69e75,ts-route-service,GET /api/v1/routeservice/routes/{routeId},server,2026-08-27T17:24:02.055000+00:00,27.545,GET,/api/v1/routeservice/routes/{routeId},200,false
b6dbe85a2ed8b36c48ef149e5bbba327,UNMATCHED,,f32edf90461ae569,c9e928f5a1031351,ts-route-service,GET /api/v1/routeservice/routes/{routeId},server,2026-08-27T17:24:02.237000+00:00,16.632,GET,/api/v1/routeservice/routes/{routeId},200,false
b6dbe85a2ed8b36c48ef149e5bbba327,UNMATCHED,,0120c2250c715c1f,6b0f67cd3a92ca98,ts-route-service,GET /api/v1/routeservice/routes/{routeId},server,2026-08-27T17:24:02.297000+00:00,13.193,GET,/api/v1/routeservice/routes/{routeId},200,false
b6dbe85a2ed8b36c48ef149e5bbba327,UNMATCHED,,5dc7f7746e00caa5,07dbc4dc126fecbc,ts-route-service,RouteRepository.findById,internal,2026-08-27T17:24:01.740080+00:00,11.374,,,,false
b6dbe85a2ed8b36c48ef149e5bbba327,UNMATCHED,,e6cfae01e913db02,c226a5b4a0df9060,ts-route-service,RouteRepository.findById,internal,2026-08-27T17:24:01.903070+00:00,5.614,,,,false
b6dbe85a2ed8b36c48ef149e5bbba327,UNMATCHED,,1ab3496c60cfba53,d059042727003194,ts-route-service,RouteRepository.findById,internal,2026-08-27T17:24:02.069230+00:00,9.659,,,,false
b6dbe85a2ed8b36c48ef149e5bbba327,UNMATCHED,,cbfb41a7d3c95140,f32edf90461ae569,ts-route-service,RouteRepository.findById,internal,2026-08-27T17:24:02.240194+00:00,4.316,,,,false
b6dbe85a2ed8b36c48ef149e5bbba327,UNMATCHED,,cbe596521f996289,0120c2250c715c1f,ts-route-service,RouteRepository.findById,internal,2026-08-27T17:24:02.302110+00:00,4.132,,,,false
b6dbe85a2ed8b36c48ef149e5bbba327,UNMATCHED,,ae2db8806672beff,996348e4d396dcc0,ts-ticketinfo-service,GET,client,2026-08-27T17:24:01.293455+00:00,88.535,GET,,200,false
b6dbe85a2ed8b36c48ef149e5bbba327,UNMATCHED,,fc0db0ee9d4d6317,dae2da7744973073,ts-ticketinfo-service,GET,client,2026-08-27T17:24:01.437487+00:00,141.272,GET,,200,false
b6dbe85a2ed8b36c48ef149e5bbba327,UNMATCHED,,996348e4d396dcc0,ddda291947d3e567,ts-ticketinfo-service,GET /api/v1/ticketinfoservice/ticketinfo/{name},server,2026-08-27T17:24:01.196000+00:00,209.401,GET,/api/v1/ticketinfoservice/ticketinfo/{name},200,false
b6dbe85a2ed8b36c48ef149e5bbba327,UNMATCHED,,dae2da7744973073,edd204210ecb5fb7,ts-ticketinfo-service,GET /api/v1/ticketinfoservice/ticketinfo/{name},server,2026-08-27T17:24:01.432000+00:00,158.871,GET,/api/v1/ticketinfoservice/ticketinfo/{name},200,false
b6dbe85a2ed8b36c48ef149e5bbba327,UNMATCHED,,9d04475df7d335ec,9e25583de6b5ef40,ts-basic-service,GET,client,2026-08-27T17:24:01.313617+00:00,63.277,GET,,200,false
b6dbe85a2ed8b36c48ef149e5bbba327,UNMATCHED,,9662778d787479a6,f7cf5bbcb55df514,ts-basic-service,GET,client,2026-08-27T17:24:01.560074+00:00,15.076,GET,,200,false
b6dbe85a2ed8b36c48ef149e5bbba327,UNMATCHED,,9e25583de6b5ef40,ae2db8806672beff,ts-basic-service,GET /api/v1/basicservice/basic/{stationName},server,2026-08-27T17:24:01.309000+00:00,88.0,GET,/api/v1/basicservice/basic/{stationName},200,false
b6dbe85a2ed8b36c48ef149e5bbba327,UNMATCHED,,f7cf5bbcb55df514,fc0db0ee9d4d6317,ts-basic-service,GET /api/v1/basicservice/basic/{stationName},server,2026-08-27T17:24:01.439000+00:00,140.096,GET,/api/v1/basicservice/basic/{stationName},200,false
b6dbe85a2ed8b36c48ef149e5bbba327,UNMATCHED,,31f080ccb4bff105,7f1fc81778a42053,ts-station-service,StationRepository.findByName,internal,2026-08-27T17:24:01.325992+00:00,44.936,,,,false
b6dbe85a2ed8b36c48ef149e5bbba327,UNMATCHED,,af01b1874623f1c6,70f42b47432ec724,ts-station-service,StationRepository.findByName,internal,2026-08-27T17:24:01.568968+00:00,3.506,,,,false
b6dbe85a2ed8b36c48ef149e5bbba327,UNMATCHED,,c87599276d90c8c0,31f080ccb4bff105,ts-station-service,find ts.station,client,2026-08-27T17:24:01.330106+00:00,40.198,,,,false
b6dbe85a2ed8b36c48ef149e5bbba327,UNMATCHED,,7a9fd47d7474a0e1,af01b1874623f1c6,ts-station-service,find ts.station,client,2026-08-27T17:24:01.570412+00:00,1.547,,,,false
b6dbe85a2ed8b36c48ef149e5bbba327,UNMATCHED,,7f1fc81778a42053,9d04475df7d335ec,ts-station-service,GET /api/v1/stationservice/stations/id/{stationNameForId},server,2026-08-27T17:24:01.323000+00:00,50.92,GET,/api/v1/stationservice/stations/id/{stationNameForId},200,false
b6dbe85a2ed8b36c48ef149e5bbba327,UNMATCHED,,70f42b47432ec724,9662778d787479a6,ts-station-service,GET /api/v1/stationservice/stations/id/{stationNameForId},server,2026-08-27T17:24:01.561000+00:00,15.711,GET,/api/v1/stationservice/stations/id/{stationNameForId},200,false
bc46c23c3f0a8fb2c64a3c5af12763a0,UNMATCHED,,e53cf6343bed8269,7f5706815a6f91d5,ts-station-service,StationRepository.findByName,internal,2026-08-23T18:05:15.794072+00:00,3.189,,,,false
bc46c23c3f0a8fb2c64a3c5af12763a0,UNMATCHED,,d6c47a7ad615677d,996d3ed5d6961b63,ts-station-service,StationRepository.findByName,internal,2026-08-23T18:05:16.338165+00:00,3.05,,,,false
bc46c23c3f0a8fb2c64a3c5af12763a0,UNMATCHED,,13d30b3bec92250e,e53cf6343bed8269,ts-station-service,find ts.station,client,2026-08-23T18:05:15.795192+00:00,1.719,,,,false
bc46c23c3f0a8fb2c64a3c5af12763a0,UNMATCHED,,2bdc3c2bdc253260,d6c47a7ad615677d,ts-station-service,find ts.station,client,2026-08-23T18:05:16.339319+00:00,1.311,,,,false
bc46c23c3f0a8fb2c64a3c5af12763a0,UNMATCHED,,7f5706815a6f91d5,cef11c84f6d1e92c,ts-station-service,GET /api/v1/stationservice/stations/id/{stationNameForId},server,2026-08-23T18:05:15.791000+00:00,7.665,GET,/api/v1/stationservice/stations/id/{stationNameForId},200,false
bc46c23c3f0a8fb2c64a3c5af12763a0,UNMATCHED,,996d3ed5d6961b63,a7508477ade257f2,ts-station-service,GET /api/v1/stationservice/stations/id/{stationNameForId},server,2026-08-23T18:05:16.336000+00:00,7.165,GET,/api/v1/stationservice/stations/id/{stationNameForId},200,false
bc46c23c3f0a8fb2c64a3c5af12763a0,UNMATCHED,,2e60298698cb71c4,c731ef3973e4f771,ts-travel2-service,find ts.trip,client,2026-08-23T18:05:16.562421+00:00,112.71,,,,false
bc46c23c3f0a8fb2c64a3c5af12763a0,UNMATCHED,,c731ef3973e4f771,a4c24be4f54b62f5,ts-travel2-service,TripRepository.findAll,internal,2026-08-23T18:05:16.559055+00:00,121.058,,,,false
bc46c23c3f0a8fb2c64a3c5af12763a0,UNMATCHED,,8131021dc9f2f570,a4c24be4f54b62f5,ts-travel2-service,GET,client,2026-08-23T18:05:15.772530+00:00,31.15,GET,,200,false
bc46c23c3f0a8fb2c64a3c5af12763a0,UNMATCHED,,24f7d214054839ff,a4c24be4f54b62f5,ts-travel2-service,GET,client,2026-08-23T18:05:15.842530+00:00,650.24,GET,,200,false
bc46c23c3f0a8fb2c64a3c5af12763a0,UNMATCHED,,cc3b3cdc68609476,a4c24be4f54b62f5,ts-travel2-service,GET,client,2026-08-23T18:05:16.682309+00:00,55.804,GET,,200,false
bc46c23c3f0a8fb2c64a3c5af12763a0,UNMATCHED,,09f1fe08db5f6b0a,a4c24be4f54b62f5,ts-travel2-service,GET,client,2026-08-23T18:05:16.991482+00:00,143.925,GET,,200,false
bc46c23c3f0a8fb2c64a3c5af12763a0,UNMATCHED,,0599b8a3c44d9f6e,524e4191cf97a960,ts-route-service,find ts.routes,client,2026-08-23T18:05:16.720403+00:00,1.511,,,,false
bc46c23c3f0a8fb2c64a3c5af12763a0,UNMATCHED,,0f4519573c1d34cf,14ab3ae8a49682a6,ts-route-service,find ts.routes,client,2026-08-23T18:05:17.020853+00:00,1.282,,,,false
bc46c23c3f0a8fb2c64a3c5af12763a0,UNMATCHED,,4280c012f34659b0,cc3b3cdc68609476,ts-route-service,GET /api/v1/routeservice/routes/{routeId},server,2026-08-23T18:05:16.692000+00:00,33.005,GET,/api/v1/routeservice/routes/{routeId},200,false
bc46c23c3f0a8fb2c64a3c5af12763a0,UNMATCHED,,a04b750eb027052c,09f1fe08db5f6b0a,ts-route-service,GET /api/v1/routeservice/routes/{routeId},server,2026-08-23T18:05:17.017000+00:00,8.266,GET,/api/v1/routeservice/routes/{routeId},200,false
bc46c23c3f0a8fb2c64a3c5af12763a0,UNMATCHED,,524e4191cf97a960,4280c012f34659b0,ts-route-service,RouteRepository.findById,internal,2026-08-23T18:05:16.718512+00:00,4.038,,,,false
bc46c23c3f0a8fb2c64a3c5af12763a0,UNMATCHED,,14ab3ae8a49682a6,a04b750eb027052c,ts-route-service,RouteRepository.findById,internal,2026-08-23T18:05:17.019731+00:00,3.091,,,,false
bc46c23c3f0a8fb2c64a3c5af12763a0,UNMATCHED,,cef11c84f6d1e92c,7610372eae90a6c6,ts-basic-service,GET,client,2026-08-23T18:05:15.789173+00:00,9.465,GET,,200,false
bc46c23c3f0a8fb2c64a3c5af12763a0,UNMATCHED,,a7508477ade257f2,021d26f11d40728b,ts-basic-service,GET,client,2026-08-23T18:05:16.334231+00:00,8.39,GET,,200,false
bc46c23c3f0a8fb2c64a3c5af12763a0,UNMATCHED,,7610372eae90a6c6,a6a083204a2b2610,ts-basic-service,GET /api/v1/basicservice/basic/{stationName},server,2026-08-23T18:05:15.786000+00:00,15.738,GET,/api/v1/basicservice/basic/{stationName},200,false
bc46c23c3f0a8fb2c64a3c5af12763a0,UNMATCHED,,021d26f11d40728b,893113aa7e624cbf,ts-basic-service,GET /api/v1/basicservice/basic/{stationName},server,2026-08-23T18:05:16.329000+00:00,16.248,GET,/api/v1/basicservice/basic/{stationName},200,false
bc46c23c3f0a8fb2c64a3c5af12763a0,UNMATCHED,,a6a083204a2b2610,ac45647a779b8889,ts-ticketinfo-service,GET,client,2026-08-23T18:05:15.782507+00:00,17.811,GET,,200,false
bc46c23c3f0a8fb2c64a3c5af12763a0,UNMATCHED,,893113aa7e624cbf,26cefc7001095d47,ts-ticketinfo-service,GET,client,2026-08-23T18:05:16.054975+00:00,290.004,GET,,200,false
bc46c23c3f0a8fb2c64a3c5af12763a0,UNMATCHED,,ac45647a779b8889,8131021dc9f2f570,ts-ticketinfo-service,GET /api/v1/ticketinfoservice/ticketinfo/{name},server,2026-08-23T18:05:15.775000+00:00,28.903,GET,/api/v1/ticketinfoservice/ticketinfo/{name},200,false
bc46c23c3f0a8fb2c64a3c5af12763a0,UNMATCHED,,26cefc7001095d47,24f7d214054839ff,ts-ticketinfo-service,GET /api/v1/ticketinfoservice/ticketinfo/{name},server,2026-08-23T18:05:15.846000+00:00,503.562,GET,/api/v1/ticketinfoservice/ticketinfo/{name},200,false
bc46c23c3f0a8fb2c64a3c5af12763a0,UNMATCHED,,9034b1e8935732dc,dfda205ce8de1a3c,ts-route-service,find ts.routes,client,2026-08-27T17:23:55.309935+00:00,3.848,,,,false
bc46c23c3f0a8fb2c64a3c5af12763a0,UNMATCHED,,3ce38cfb6abde5dd,2f70f96fd4ddfe81,ts-route-service,GET /api/v1/routeservice/routes/{routeId},server,2026-08-27T17:23:55.293000+00:00,26.584,GET,/api/v1/routeservice/routes/{routeId},200,false
bc46c23c3f0a8fb2c64a3c5af12763a0,UNMATCHED,,dfda205ce8de1a3c,3ce38cfb6abde5dd,ts-route-service,RouteRepository.findById,internal,2026-08-27T17:23:55.302555+00:00,12.879,,,,false
bc46c23c3f0a8fb2c64a3c5af12763a0,UNMATCHED,,2f70f96fd4ddfe81,a4c24be4f54b62f5,ts-travel2-service,GET,client,2026-08-23T18:05:17.473167+00:00,35503.8,GET,,200,false
bc46c23c3f0a8fb2c64a3c5af12763a0,UNMATCHED,,a4c24be4f54b62f5,9b861b5feb88b98d,ts-travel2-service,POST /api/v1/travel2service/trips/left,server,2026-08-23T18:05:15.746000+00:00,38861.06,POST,/api/v1/travel2service/trips/left,200,false
bc46c23c3f0a8fb2c64a3c5af12763a0,UNMATCHED,,3090c8793af5a68b,a4c24be4f54b62f5,ts-travel2-service,GET,client,2026-08-23T18:05:53.261504+00:00,67.683,GET,,200,false
bc46c23c3f0a8fb2c64a3c5af12763a0,UNMATCHED,,d73faf6d85d446a6,a4c24be4f54b62f5,ts-travel2-service,GET,client,2026-08-23T18:05:53.921447+00:00,43.353,GET,,200,false
bc46c23c3f0a8fb2c64a3c5af12763a0,UNMATCHED,,f4de8d285a28c459,328dab5ed1097816,ts-route-service,find ts.routes,client,2026-08-27T17:23:55.733454+00:00,2.657,,,,false
bc46c23c3f0a8fb2c64a3c5af12763a0,UNMATCHED,,cb6fdf918e2d487f,baccea876a80ff49,ts-route-service,find ts.routes,client,2026-08-27T17:23:56.377298+00:00,1.126,,,,false
bc46c23c3f0a8fb2c64a3c5af12763a0,UNMATCHED,,8fff6e31a32df4b1,3090c8793af5a68b,ts-route-service,GET /api/v1/routeservice/routes/{routeId},server,2026-08-27T17:23:55.691000+00:00,49.64,GET,/api/v1/routeservice/routes/{routeId},200,false
bc46c23c3f0a8fb2c64a3c5af12763a0,UNMATCHED,,a89a6f73208a8041,d73faf6d85d446a6,ts-route-service,GET /api/v1/routeservice/routes/{routeId},server,2026-08-27T17:23:56.373000+00:00,7.462,GET,/api/v1/routeservice/routes/{routeId},200,false
bc46c23c3f0a8fb2c64a3c5af12763a0,UNMATCHED,,328dab5ed1097816,8fff6e31a32df4b1,ts-route-service,RouteRepository.findById,internal,2026-08-27T17:23:55.708764+00:00,28.926,,,,false
bc46c23c3f0a8fb2c64a3c5af12763a0,UNMATCHED,,baccea876a80ff49,a89a6f73208a8041,ts-route-service,RouteRepository.findById,internal,2026-08-27T17:23:56.375739+00:00,3.076,,,,false
bec38a0cab9a5a63ee58369a0da4133e,UNMATCHED,,6a6bcd0f5ac75492,955e478673dda590,ts-ticketinfo-service,GET,client,2026-08-27T17:24:05.628523+00:00,55.713,GET,,200,false
bec38a0cab9a5a63ee58369a0da4133e,UNMATCHED,,ff9880290495d2b5,095a68fcc83cab49,ts-ticketinfo-service,GET,client,2026-08-27T17:24:05.793902+00:00,72.953,GET,,200,false
bec38a0cab9a5a63ee58369a0da4133e,UNMATCHED,,955e478673dda590,034c2f5a57b2e193,ts-ticketinfo-service,GET /api/v1/ticketinfoservice/ticketinfo/{name},server,2026-08-27T17:24:05.622000+00:00,97.855,GET,/api/v1/ticketinfoservice/ticketinfo/{name},200,false
bec38a0cab9a5a63ee58369a0da4133e,UNMATCHED,,095a68fcc83cab49,d776ca5296b04f57,ts-ticketinfo-service,GET /api/v1/ticketinfoservice/ticketinfo/{name},server,2026-08-27T17:24:05.721000+00:00,166.661,GET,/api/v1/ticketinfoservice/ticketinfo/{name},200,false
bec38a0cab9a5a63ee58369a0da4133e,UNMATCHED,,2ed9be59a1b14c08,69d1a34b7d733bef,ts-basic-service,GET,client,2026-08-27T17:24:05.668281+00:00,10.824,GET,,200,false
bec38a0cab9a5a63ee58369a0da4133e,UNMATCHED,,221335ce8756e1f2,1849f843f3382a00,ts-basic-service,GET,client,2026-08-27T17:24:05.819960+00:00,40.058,GET,,200,false
bec38a0cab9a5a63ee58369a0da4133e,UNMATCHED,,69d1a34b7d733bef,6a6bcd0f5ac75492,ts-basic-service,GET /api/v1/basicservice/basic/{stationName},server,2026-08-27T17:24:05.634000+00:00,49.896,GET,/api/v1/basicservice/basic/{stationName},200,false
bec38a0cab9a5a63ee58369a0da4133e,UNMATCHED,,1849f843f3382a00,ff9880290495d2b5,ts-basic-service,GET /api/v1/basicservice/basic/{stationName},server,2026-08-27T17:24:05.814000+00:00,51.914,GET,/api/v1/basicservice/basic/{stationName},200,false
bec38a0cab9a5a63ee58369a0da4133e,UNMATCHED,,e3e596226a46b31a,525d6e851a8580f2,ts-station-service,StationRepository.findByName,internal,2026-08-27T17:24:05.674150+00:00,3.703,,,,false
bec38a0cab9a5a63ee58369a0da4133e,UNMATCHED,,2d5dbfc052f95456,ecd82a722f70c090,ts-station-service,StationRepository.findByName,internal,2026-08-27T17:24:05.827522+00:00,13.882,,,,false
bec38a0cab9a5a63ee58369a0da4133e,UNMATCHED,,b9b685d3b26efa05,e3e596226a46b31a,ts-station-service,find ts.station,client,2026-08-27T17:24:05.675563+00:00,1.669,,,,false
bec38a0cab9a5a63ee58369a0da4133e,UNMATCHED,,19f913c306ddc2f1,2d5dbfc052f95456,ts-station-service,find ts.station,client,2026-08-27T17:24:05.839152+00:00,1.488,,,,false
bec38a0cab9a5a63ee58369a0da4133e,UNMATCHED,,525d6e851a8580f2,2ed9be59a1b14c08,ts-station-service,GET /api/v1/stationservice/stations/id/{stationNameForId},server,2026-08-27T17:24:05.671000+00:00,10.286,GET,/api/v1/stationservice/stations/id/{stationNameForId},200,false
bec38a0cab9a5a63ee58369a0da4133e,UNMATCHED,,ecd82a722f70c090,221335ce8756e1f2,ts-station-service,GET /api/v1/stationservice/stations/id/{stationNameForId},server,2026-08-27T17:24:05.824000+00:00,30.953,GET,/api/v1/stationservice/stations/id/{stationNameForId},200,false
bec38a0cab9a5a63ee58369a0da4133e,UNMATCHED,,b46f2bf0c178cb6d,4feaead98e6880e3,ts-route-service,find ts.routes,client,2026-08-27T17:24:05.937068+00:00,5.809,,,,false
bec38a0cab9a5a63ee58369a0da4133e,UNMATCHED,,f8981bb2492cfc7e,69cfba4de3e03fde,ts-route-service,find ts.routes,client,2026-08-27T17:24:06.003449+00:00,1.207,,,,false
bec38a0cab9a5a63ee58369a0da4133e,UNMATCHED,,aa4c974ddab4ac20,dbd047f019ab5dd6,ts-route-service,find ts.routes,client,2026-08-27T17:24:06.211626+00:00,1.89,,,,false
bec38a0cab9a5a63ee58369a0da4133e,UNMATCHED,,b2f246e78b6d7f9c,05f7aec4ffc6151e,ts-route-service,find ts.routes,client,2026-08-27T17:24:06.322191+00:00,3.177,,,,false
bec38a0cab9a5a63ee58369a0da4133e,UNMATCHED,,2527043684d7716e,6048520adf7be351,ts-route-service,find ts.routes,client,2026-08-27T17:24:06.417531+00:00,17.523,,,,false
bec38a0cab9a5a63ee58369a0da4133e,UNMATCHED,,22b4101f60d6c3f5,540c6df8b13ec1bd,ts-route-service,GET /api/v1/routeservice/routes/{routeId},server,2026-08-27T17:24:05.926000+00:00,31.673,GET,/api/v1/routeservice/routes/{routeId},200,false
bec38a0cab9a5a63ee58369a0da4133e,UNMATCHED,,1a75d0e401c0eba8,4757c0896303ad97,ts-route-service,GET /api/v1/routeservice/routes/{routeId},server,2026-08-27T17:24:05.988000+00:00,19.991,GET,/api/v1/routeservice/routes/{routeId},200,false
bec38a0cab9a5a63ee58369a0da4133e,UNMATCHED,,fabec4d16b43ec88,c870bc54ca251e82,ts-route-service,GET /api/v1/routeservice/routes/{routeId},server,2026-08-27T17:24:06.199000+00:00,24.28,GET,/api/v1/routeservice/routes/{routeId},200,false
bec38a0cab9a5a63ee58369a0da4133e,UNMATCHED,,8b5275ec25355bf7,b0f69104104c195d,ts-route-service,GET /api/v1/routeservice/routes/{routeId},server,2026-08-27T17:24:06.270000+00:00,58.579,GET,/api/v1/routeservice/routes/{routeId},200,false
bec38a0cab9a5a63ee58369a0da4133e,UNMATCHED,,f977e4439ba46efe,519f1b1532b9c75d,ts-route-service,GET /api/v1/routeservice/routes/{routeId},server,2026-08-27T17:24:06.412000+00:00,33.51,GET,/api/v1/routeservice/routes/{routeId},200,false
bec38a0cab9a5a63ee58369a0da4133e,UNMATCHED,,4feaead98e6880e3,22b4101f60d6c3f5,ts-route-service,RouteRepository.findById,internal,2026-08-27T17:24:05.930132+00:00,13.511,,,,false
bec38a0cab9a5a63ee58369a0da4133e,UNMATCHED,,69cfba4de3e03fde,1a75d0e401c0eba8,ts-route-service,RouteRepository.findById,internal,2026-08-27T17:24:05.993896+00:00,11.267,,,,false
bec38a0cab9a5a63ee58369a0da4133e,UNMATCHED,,dbd047f019ab5dd6,fabec4d16b43ec88,ts-route-service,RouteRepository.findById,internal,2026-08-27T17:24:06.207391+00:00,6.82,,,,false
bec38a0cab9a5a63ee58369a0da4133e,UNMATCHED,,05f7aec4ffc6151e,8b5275ec25355bf7,ts-route-service,RouteRepository.findById,internal,2026-08-27T17:24:06.320511+00:00,5.364,,,,false
bec38a0cab9a5a63ee58369a0da4133e,UNMATCHED,,6048520adf7be351,f977e4439ba46efe,ts-route-service,RouteRepository.findById,internal,2026-08-27T17:24:06.415437+00:00,20.231,,,,false
bec38a0cab9a5a63ee58369a0da4133e,UNMATCHED,,915cc0ff1fbe3729,045dde6ff0d70120,ts-travel2-service,find ts.trip,client,2026-08-27T17:24:05.901661+00:00,6.286,,,,false
bec38a0cab9a5a63ee58369a0da4133e,UNMATCHED,,045dde6ff0d70120,d02ec47ebd08b411,ts-travel2-service,TripRepository.findAll,internal,2026-08-27T17:24:05.886997+00:00,25.743,,,,false
bec38a0cab9a5a63ee58369a0da4133e,UNMATCHED,,d02ec47ebd08b411,74fe9ded42cebcb6,ts-travel2-service,POST /api/v1/travel2service/trips/left,server,2026-08-27T17:24:05.563000+00:00,965.242,POST,/api/v1/travel2service/trips/left,200,false
bec38a0cab9a5a63ee58369a0da4133e,UNMATCHED,,034c2f5a57b2e193,d02ec47ebd08b411,ts-travel2-service,GET,client,2026-08-27T17:24:05.617813+00:00,76.39,GET,,200,false
bec38a0cab9a5a63ee58369a0da4133e,UNMATCHED,,d776ca5296b04f57,d02ec47ebd08b411,ts-travel2-service,GET,client,2026-08-27T17:24:05.699774+00:00,182.943,GET,,200,false
bec38a0cab9a5a63ee58369a0da4133e,UNMATCHED,,540c6df8b13ec1bd,d02ec47ebd08b411,ts-travel2-service,GET,client,2026-08-27T17:24:05.923921+00:00,25.227,GET,,200,false
bec38a0cab9a5a63ee58369a0da4133e,UNMATCHED,,4757c0896303ad97,d02ec47ebd08b411,ts-travel2-service,GET,client,2026-08-27T17:24:05.979557+00:00,54.233,GET,,200,false
bec38a0cab9a5a63ee58369a0da4133e,UNMATCHED,,c870bc54ca251e82,d02ec47ebd08b411,ts-travel2-service,GET,client,2026-08-27T17:24:06.162742+00:00,62.338,GET,,200,false
bec38a0cab9a5a63ee58369a0da4133e,UNMATCHED,,b0f69104104c195d,d02ec47ebd08b411,ts-travel2-service,GET,client,2026-08-27T17:24:06.265062+00:00,90.181,GET,,200,false
bec38a0cab9a5a63ee58369a0da4133e,UNMATCHED,,519f1b1532b9c75d,d02ec47ebd08b411,ts-travel2-service,GET,client,2026-08-27T17:24:06.412303+00:00,43.571,GET,,200,false
d90d50061ff457b3286a368c4ecc21ae,search_g_train,1,1876af4758eba306,66195963687ffae5,ts-travel-service,find ts.trip,client,2026-08-27T17:29:10.680935+00:00,57.387,,,,false
d90d50061ff457b3286a368c4ecc21ae,search_g_train,1,66195963687ffae5,980089cf89b0c14a,ts-travel-service,TripRepository.findAll,internal,2026-08-27T17:29:10.673264+00:00,69.589,,,,false
d90d50061ff457b3286a368c4ecc21ae,search_g_train,1,e4b28bad27af1ee9,980089cf89b0c14a,ts-travel-service,GET,client,2026-08-27T17:29:10.423459+00:00,144.21,GET,,200,false
d90d50061ff457b3286a368c4ecc21ae,search_g_train,1,0dca0ccd3befed70,980089cf89b0c14a,ts-travel-service,GET,client,2026-08-27T17:29:10.571857+00:00,91.903,GET,,200,false
d90d50061ff457b3286a368c4ecc21ae,search_g_train,1,a563a512baaf0be6,980089cf89b0c14a,ts-travel-service,GET,client,2026-08-27T17:29:10.744187+00:00,389.575,GET,,200,false
d90d50061ff457b3286a368c4ecc21ae,search_g_train,1,ba69ecc03421ab27,980089cf89b0c14a,ts-travel-service,GET,client,2026-08-27T17:29:11.172182+00:00,31.202,GET,,200,false
d90d50061ff457b3286a368c4ecc21ae,search_g_train,1,dca9b4639ae08c56,980089cf89b0c14a,ts-travel-service,GET,client,2026-08-27T17:29:11.205876+00:00,17.66,GET,,200,false
d90d50061ff457b3286a368c4ecc21ae,search_g_train,1,4e96b893e23f4e61,980089cf89b0c14a,ts-travel-service,GET,client,2026-08-27T17:29:11.237523+00:00,23.662,GET,,200,false
d90d50061ff457b3286a368c4ecc21ae,search_g_train,1,102c334782ba3c1b,980089cf89b0c14a,ts-travel-service,GET,client,2026-08-27T17:29:11.269133+00:00,20.514,GET,,200,false
d90d50061ff457b3286a368c4ecc21ae,search_g_train,1,59adecd78f7a406b,a1b852ec1364b754,ts-route-service,find ts.routes,client,2026-08-27T17:29:10.821691+00:00,308.634,,,,false
d90d50061ff457b3286a368c4ecc21ae,search_g_train,1,50408881fdb05145,b5f9e156cb6e6662,ts-route-service,find ts.routes,client,2026-08-27T17:29:11.198935+00:00,1.561,,,,false
d90d50061ff457b3286a368c4ecc21ae,search_g_train,1,2282915905f4e4f3,c27e4fa7875b3512,ts-route-service,find ts.routes,client,2026-08-27T17:29:11.213132+00:00,3.355,,,,false
d90d50061ff457b3286a368c4ecc21ae,search_g_train,1,0dbd31c090e92a84,5a4dbbdadc620182,ts-route-service,find ts.routes,client,2026-08-27T17:29:11.255764+00:00,1.274,,,,false
d90d50061ff457b3286a368c4ecc21ae,search_g_train,1,0501906038701019,74e96164ead1d229,ts-route-service,find ts.routes,client,2026-08-27T17:29:11.283396+00:00,1.89,,,,false
d90d50061ff457b3286a368c4ecc21ae,search_g_train,1,5903b0482eae0bb1,717377c35cad291d,ts-route-service,find ts.routes,client,2026-08-27T17:29:12.443979+00:00,1.43,,,,false
d90d50061ff457b3286a368c4ecc21ae,search_g_train,1,a23f5142b76a3fff,a1fd52d03e97b772,ts-route-service,find ts.routes,client,2026-08-27T17:29:13.462534+00:00,0.901,,,,false
d90d50061ff457b3286a368c4ecc21ae,search_g_train,1,0493540369e5f71b,d8e10aacb8414aa1,ts-route-service,find ts.routes,client,2026-08-27T17:29:14.458649+00:00,1.077,,,,false
d90d50061ff457b3286a368c4ecc21ae,search_g_train,1,baefc86fe7aaf563,a563a512baaf0be6,ts-route-service,GET /api/v1/routeservice/routes/{routeId},server,2026-08-27T17:29:10.787000+00:00,347.721,GET,/api/v1/routeservice/routes/{routeId},200,false
d90d50061ff457b3286a368c4ecc21ae,search_g_train,1,d06b6d68ad58ca8b,ba69ecc03421ab27,ts-route-service,GET /api/v1/routeservice/routes/{routeId},server,2026-08-27T17:29:11.184000+00:00,19.254,GET,/api/v1/routeservice/routes/{routeId},200,false
d90d50061ff457b3286a368c4ecc21ae,search_g_train,1,774e9aea4e63fa83,dca9b4639ae08c56,ts-route-service,GET /api/v1/routeservice/routes/{routeId},server,2026-08-27T17:29:11.207000+00:00,22.817,GET,/api/v1/routeservice/routes/{routeId},200,false
d90d50061ff457b3286a368c4ecc21ae,search_g_train,1,12ed16b445ebbd16,4e96b893e23f4e61,ts-route-service,GET /api/v1/routeservice/routes/{routeId},server,2026-08-27T17:29:11.240000+00:00,22.583,GET,/api/v1/routeservice/routes/{routeId},200,false
d90d50061ff457b3286a368c4ecc21ae,search_g_train,1,4ba2393041738e04,102c334782ba3c1b,ts-route-service,GET /api/v1/routeservice/routes/{routeId},server,2026-08-27T17:29:11.271000+00:00,19.177,GET,/api/v1/routeservice/routes/{routeId},200,false
d90d50061ff457b3286a368c4ecc21ae,search_g_train,1,95f925ceb9f2d33e,f56ea6bcc634c630,ts-route-service,GET /api/v1/routeservice/routes/{routeId},server,2026-08-27T17:29:12.425000+00:00,22.617,GET,/api/v1/routeservice/routes/{routeId},200,false
d90d50061ff457b3286a368c4ecc21ae,search_g_train,1,d3e263b3ed9cc41a,fe9d00d343bd40f9,ts-route-service,GET /api/v1/routeservice/routes/{routeId},server,2026-08-27T17:29:13.460000+00:00,4.987,GET,/api/v1/routeservice/routes/{routeId},200,false
d90d50061ff457b3286a368c4ecc21ae,search_g_train,1,28f3e48c896e846e,54b15c750ca50299,ts-route-service,GET /api/v1/routeservice/routes/{routeId},server,2026-08-27T17:29:14.454000+00:00,11.705,GET,/api/v1/routeservice/routes/{routeId},200,false
d90d50061ff457b3286a368c4ecc21ae,search_g_train,1,a1b852ec1364b754,baefc86fe7aaf563,ts-route-service,RouteRepository.findById,internal,2026-08-27T17:29:10.817275+00:00,313.883,,,,false
d90d50061ff457b3286a368c4ecc21ae,search_g_train,1,b5f9e156cb6e6662,d06b6d68ad58ca8b,ts-route-service,RouteRepository.findById,internal,2026-08-27T17:29:11.195645+00:00,5.978,,,,false
d90d50061ff457b3286a368c4ecc21ae,search_g_train,1,c27e4fa7875b3512,774e9aea4e63fa83,ts-route-service,RouteRepository.findById,internal,2026-08-27T17:29:11.210162+00:00,9.706,,,,false
d90d50061ff457b3286a368c4ecc21ae,search_g_train,1,5a4dbbdadc620182,12ed16b445ebbd16,ts-route-service,RouteRepository.findById,internal,2026-08-27T17:29:11.246130+00:00,11.404,,,,false
d90d50061ff457b3286a368c4ecc21ae,search_g_train,1,74e96164ead1d229,4ba2393041738e04,ts-route-service,RouteRepository.findById,internal,2026-08-27T17:29:11.281004+00:00,4.952,,,,false
d90d50061ff457b3286a368c4ecc21ae,search_g_train,1,717377c35cad291d,95f925ceb9f2d33e,ts-route-service,RouteRepository.findById,internal,2026-08-27T17:29:12.441907+00:00,4.019,,,,false
d90d50061ff457b3286a368c4ecc21ae,search_g_train,1,a1fd52d03e97b772,d3e263b3ed9cc41a,ts-route-service,RouteRepository.findById,internal,2026-08-27T17:29:13.461648+00:00,2.116,,,,false
d90d50061ff457b3286a368c4ecc21ae,search_g_train,1,d8e10aacb8414aa1,28f3e48c896e846e,ts-route-service,RouteRepository.findById,internal,2026-08-27T17:29:14.457473+00:00,2.822,,,,false
d90d50061ff457b3286a368c4ecc21ae,search_g_train,1,04f896735445ac55,e97b869f92bcc765,ts-ticketinfo-service,GET,client,2026-08-27T17:29:10.482447+00:00,74.269,GET,,200,false
d90d50061ff457b3286a368c4ecc21ae,search_g_train,1,0cc8999d28a79815,298b8185713ec7bb,ts-ticketinfo-service,GET,client,2026-08-27T17:29:10.612557+00:00,41.977,GET,,200,false
d90d50061ff457b3286a368c4ecc21ae,search_g_train,1,83549bc1c372a8f4,f75f1d6eb8be5435,ts-ticketinfo-service,POST,client,2026-08-27T17:29:11.387138+00:00,1489.993,POST,,200,false
d90d50061ff457b3286a368c4ecc21ae,search_g_train,1,06f5b675c1fbd524,d42640f3ef69a398,ts-ticketinfo-service,GET,client,2026-08-27T17:29:13.136522+00:00,56.781,GET,,200,false
d90d50061ff457b3286a368c4ecc21ae,search_g_train,1,2f8405d79ded01d9,c047d37e6a8b5c33,ts-ticketinfo-service,GET,client,2026-08-27T17:29:13.242902+00:00,36.282,GET,,200,false
d90d50061ff457b3286a368c4ecc21ae,search_g_train,1,82b27bb00c3580e5,9c3421858aa0fe8f,ts-ticketinfo-service,GET,client,2026-08-27T17:29:13.817272+00:00,498.213,GET,,200,false
d90d50061ff457b3286a368c4ecc21ae,search_g_train,1,efb03ba7f71e551a,a5772728a02d4970,ts-ticketinfo-service,GET,client,2026-08-27T17:29:14.350408+00:00,33.044,GET,,200,false
d90d50061ff457b3286a368c4ecc21ae,search_g_train,1,e97b869f92bcc765,e4b28bad27af1ee9,ts-ticketinfo-service,GET /api/v1/ticketinfoservice/ticketinfo/{name},server,2026-08-27T17:29:10.467000+00:00,101.307,GET,/api/v1/ticketinfoservice/ticketinfo/{name},200,false
d90d50061ff457b3286a368c4ecc21ae,search_g_train,1,298b8185713ec7bb,0dca0ccd3befed70,ts-ticketinfo-service,GET /api/v1/ticketinfoservice/ticketinfo/{name},server,2026-08-27T17:29:10.582000+00:00,81.449,GET,/api/v1/ticketinfoservice/ticketinfo/{name},200,false
d90d50061ff457b3286a368c4ecc21ae,search_g_train,1,f75f1d6eb8be5435,15209744ba79ab23,ts-ticketinfo-service,POST /api/v1/ticketinfoservice/ticketinfo,server,2026-08-27T17:29:11.325000+00:00,1593.845,POST,/api/v1/ticketinfoservice/ticketinfo,200,false
d90d50061ff457b3286a368c4ecc21ae,search_g_train,1,d42640f3ef69a398,76c39c3ccde44310,ts-ticketinfo-service,GET /api/v1/ticketinfoservice/ticketinfo/{name},server,2026-08-27T17:29:13.113000+00:00,90.541,GET,/api/v1/ticketinfoservice/ticketinfo/{name},200,false
d90d50061ff457b3286a368c4ecc21ae,search_g_train,1,c047d37e6a8b5c33,7601197074adb773,ts-ticketinfo-service,GET /api/v1/ticketinfoservice/ticketinfo/{name},server,2026-08-27T17:29:13.230000+00:00,63.09,GET,/api/v1/ticketinfoservice/ticketinfo/{name},200,false
d90d50061ff457b3286a368c4ecc21ae,search_g_train,1,9c3421858aa0fe8f,1486ad9672215d6a,ts-ticketinfo-service,GET /api/v1/ticketinfoservice/ticketinfo/{name},server,2026-08-27T17:29:13.783000+00:00,536.906,GET,/api/v1/ticketinfoservice/ticketinfo/{name},200,false
d90d50061ff457b3286a368c4ecc21ae,search_g_train,1,a5772728a02d4970,35be94fb450e7326,ts-ticketinfo-service,GET /api/v1/ticketinfoservice/ticketinfo/{name},server,2026-08-27T17:29:14.331000+00:00,86.497,GET,/api/v1/ticketinfoservice/ticketinfo/{name},200,false
d90d50061ff457b3286a368c4ecc21ae,search_g_train,1,aca56826ad58c40a,e810f26d1dc896a6,ts-basic-service,GET,client,2026-08-27T17:29:10.520769+00:00,29.281,GET,,200,false
d90d50061ff457b3286a368c4ecc21ae,search_g_train,1,42cc9c79d7031358,a064ea4772f05daa,ts-basic-service,GET,client,2026-08-27T17:29:10.635013+00:00,13.988,GET,,200,false
d90d50061ff457b3286a368c4ecc21ae,search_g_train,1,421a3c537da64f37,06d8d69c58d4378e,ts-basic-service,GET,client,2026-08-27T17:29:11.422709+00:00,22.273,GET,,200,false
d90d50061ff457b3286a368c4ecc21ae,search_g_train,1,ee43a177316b57fc,06d8d69c58d4378e,ts-basic-service,GET,client,2026-08-27T17:29:11.452185+00:00,92.555,GET,,200,false
d90d50061ff457b3286a368c4ecc21ae,search_g_train,1,c7338ba757c4795f,06d8d69c58d4378e,ts-basic-service,GET,client,2026-08-27T17:29:11.559281+00:00,851.531,GET,,200,false
d90d50061ff457b3286a368c4ecc21ae,search_g_train,1,f56ea6bcc634c630,06d8d69c58d4378e,ts-basic-service,GET,client,2026-08-27T17:29:12.421207+00:00,25.69,GET,,200,false
d90d50061ff457b3286a368c4ecc21ae,search_g_train,1,281d8651f82b114a,06d8d69c58d4378e,ts-basic-service,GET,client,2026-08-27T17:29:12.458980+00:00,327.379,GET,,200,false
d90d50061ff457b3286a368c4ecc21ae,search_g_train,1,3d6841eb666c35b7,06d8d69c58d4378e,ts-basic-service,GET,client,2026-08-27T17:29:12.792256+00:00,30.902,GET,,200,false
d90d50061ff457b3286a368c4ecc21ae,search_g_train,1,012e815981c203db,06d8d69c58d4378e,ts-basic-service,GET,client,2026-08-27T17:29:12.827959+00:00,23.308,GET,,200,false
d90d50061ff457b3286a368c4ecc21ae,search_g_train,1,df7f70c3394fcdda,3ba549af7b55c50c,ts-basic-service,GET,client,2026-08-27T17:29:13.158104+00:00,32.149,GET,,200,false
d90d50061ff457b3286a368c4ecc21ae,search_g_train,1,b56079252383169f,f26939ab935f86e4,ts-basic-service,GET,client,2026-08-27T17:29:13.254367+00:00,16.876,GET,,200,false
d90d50061ff457b3286a368c4ecc21ae,search_g_train,1,8796412e9471cf49,46ca43f2292cea6d,ts-basic-service,GET,client,2026-08-27T17:29:14.181401+00:00,117.609,GET,,200,false
d90d50061ff457b3286a368c4ecc21ae,search_g_train,1,fc3954576190e544,ceaf713e0340ab70,ts-basic-service,GET,client,2026-08-27T17:29:14.366372+00:00,11.09,GET,,200,false
d90d50061ff457b3286a368c4ecc21ae,search_g_train,1,e810f26d1dc896a6,04f896735445ac55,ts-basic-service,GET /api/v1/basicservice/basic/{stationName},server,2026-08-27T17:29:10.501000+00:00,52.953,GET,/api/v1/basicservice/basic/{stationName},200,false
d90d50061ff457b3286a368c4ecc21ae,search_g_train,1,a064ea4772f05daa,0cc8999d28a79815,ts-basic-service,GET /api/v1/basicservice/basic/{stationName},server,2026-08-27T17:29:10.633000+00:00,26.073,GET,/api/v1/basicservice/basic/{stationName},200,false
d90d50061ff457b3286a368c4ecc21ae,search_g_train,1,06d8d69c58d4378e,83549bc1c372a8f4,ts-basic-service,POST /api/v1/basicservice/basic/travel,server,2026-08-27T17:29:11.393000+00:00,1478.359,POST,/api/v1/basicservice/basic/travel,200,false
d90d50061ff457b3286a368c4ecc21ae,search_g_train,1,3ba549af7b55c50c,06f5b675c1fbd524,ts-basic-service,GET /api/v1/basicservice/basic/{stationName},server,2026-08-27T17:29:13.152000+00:00,40.551,GET,/api/v1/basicservice/basic/{stationName},200,false
d90d50061ff457b3286a368c4ecc21ae,search_g_train,1,f26939ab935f86e4,2f8405d79ded01d9,ts-basic-service,GET /api/v1/basicservice/basic/{stationName},server,2026-08-27T17:29:13.245000+00:00,35.183,GET,/api/v1/basicservice/basic/{stationName},200,false
d90d50061ff457b3286a368c4ecc21ae,search_g_train,1,46ca43f2292cea6d,82b27bb00c3580e5,ts-basic-service,GET /api/v1/basicservice/basic/{stationName},server,2026-08-27T17:29:13.820000+00:00,494.473,GET,/api/v1/basicservice/basic/{stationName},200,false
d90d50061ff457b3286a368c4ecc21ae,search_g_train,1,ceaf713e0340ab70,efb03ba7f71e551a,ts-basic-service,GET /api/v1/basicservice/basic/{stationName},server,2026-08-27T17:29:14.354000+00:00,27.024,GET,/api/v1/basicservice/basic/{stationName},200,false
d90d50061ff457b3286a368c4ecc21ae,search_g_train,1,c5ec9e0ae41cc7b5,145044594fe9455e,ts-station-service,StationRepository.findByName,internal,2026-08-27T17:29:10.539448+00:00,8.769,,,,false
d90d50061ff457b3286a368c4ecc21ae,search_g_train,1,96968fc0a66c73bf,1724474bf27b52c2,ts-station-service,StationRepository.findByName,internal,2026-08-27T17:29:10.639676+00:00,6.985,,,,false
d90d50061ff457b3286a368c4ecc21ae,search_g_train,1,30f5e93d43565850,d663d290539e120b,ts-station-service,StationRepository.findByName,internal,2026-08-27T17:29:11.437898+00:00,5.179,,,,false
d90d50061ff457b3286a368c4ecc21ae,search_g_train,1,3d8ae223ed2776ad,f2626b58363cd884,ts-station-service,StationRepository.findByName,internal,2026-08-27T17:29:11.498248+00:00,18.356,,,,false
d90d50061ff457b3286a368c4ecc21ae,search_g_train,1,553ce299a8d82403,80407ae6750adfde,ts-station-service,StationRepository.findByName,internal,2026-08-27T17:29:12.798040+00:00,23.653,,,,false
d90d50061ff457b3286a368c4ecc21ae,search_g_train,1,d98dd8f6afbaece0,5c7e439584c22cf7,ts-station-service,StationRepository.findByName,internal,2026-08-27T17:29:12.839892+00:00,9.535,,,,false
d90d50061ff457b3286a368c4ecc21ae,search_g_train,1,10bdce7c698524c1,915e16651dbd44e6,ts-station-service,StationRepository.findByName,internal,2026-08-27T17:29:13.184191+00:00,3.599,,,,false
d90d50061ff457b3286a368c4ecc21ae,search_g_train,1,f6d070cbd839dc98,c8532a0259d7f979,ts-station-service,StationRepository.findByName,internal,2026-08-27T17:29:13.260348+00:00,7.269,,,,false
d90d50061ff457b3286a368c4ecc21ae,search_g_train,1,327148831346913e,7c6d58b57ba581a2,ts-station-service,StationRepository.findByName,internal,2026-08-27T17:29:14.297077+00:00,1.525,,,,false
d90d50061ff457b3286a368c4ecc21ae,search_g_train,1,0847c4d554a94f94,32f340dd3eb62128,ts-station-service,StationRepository.findByName,internal,2026-08-27T17:29:14.371672+00:00,4.225,,,,false
d90d50061ff457b3286a368c4ecc21ae,search_g_train,1,2285f9b81d5e9120,c5ec9e0ae41cc7b5,ts-station-service,find ts.station,client,2026-08-27T17:29:10.541251+00:00,5.707,,,,false
d90d50061ff457b3286a368c4ecc21ae,search_g_train,1,f23e16ffa680b6a5,96968fc0a66c73bf,ts-station-service,find ts.station,client,2026-08-27T17:29:10.643082+00:00,2.599,,,,false
d90d50061ff457b3286a368c4ecc21ae,search_g_train,1,2ff297986b52817a,30f5e93d43565850,ts-station-service,find ts.station,client,2026-08-27T17:29:11.440529+00:00,1.917,,,,false
d90d50061ff457b3286a368c4ecc21ae,search_g_train,1,7a347cf5ca55aa50,3d8ae223ed2776ad,ts-station-service,find ts.station,client,2026-08-27T17:29:11.507848+00:00,5.735,,,,false
d90d50061ff457b3286a368c4ecc21ae,search_g_train,1,f42833a827a82022,553ce299a8d82403,ts-station-service,find ts.station,client,2026-08-27T17:29:12.819762+00:00,1.323,,,,false
d90d50061ff457b3286a368c4ecc21ae,search_g_train,1,67a3972ccdebdc59,d98dd8f6afbaece0,ts-station-service,find ts.station,client,2026-08-27T17:29:12.842759+00:00,5.829,,,,false
d90d50061ff457b3286a368c4ecc21ae,search_g_train,1,fb6810418698a31e,10bdce7c698524c1,ts-station-service,find ts.station,client,2026-08-27T17:29:13.185207+00:00,1.56,,,,false
d90d50061ff457b3286a368c4ecc21ae,search_g_train,1,754f2549068deeda,f6d070cbd839dc98,ts-station-service,find ts.station,client,2026-08-27T17:29:13.262119+00:00,3.869,,,,false
d90d50061ff457b3286a368c4ecc21ae,search_g_train,1,02a95b6ce8bcde0f,327148831346913e,ts-station-service,find ts.station,client,2026-08-27T17:29:14.297708+00:00,0.617,,,,false
d90d50061ff457b3286a368c4ecc21ae,search_g_train,1,5abe69ce0c47c2e8,0847c4d554a94f94,ts-station-service,find ts.station,client,2026-08-27T17:29:14.373050+00:00,2.308,,,,false
d90d50061ff457b3286a368c4ecc21ae,search_g_train,1,145044594fe9455e,aca56826ad58c40a,ts-station-service,GET /api/v1/stationservice/stations/id/{stationNameForId},server,2026-08-27T17:29:10.534000+00:00,17.243,GET,/api/v1/stationservice/stations/id/{stationNameForId},200,false
d90d50061ff457b3286a368c4ecc21ae,search_g_train,1,1724474bf27b52c2,42cc9c79d7031358,ts-station-service,GET /api/v1/stationservice/stations/id/{stationNameForId},server,2026-08-27T17:29:10.637000+00:00,12.496,GET,/api/v1/stationservice/stations/id/{stationNameForId},200,false
d90d50061ff457b3286a368c4ecc21ae,search_g_train,1,d663d290539e120b,421a3c537da64f37,ts-station-service,GET /api/v1/stationservice/stations/id/{stationNameForId},server,2026-08-27T17:29:11.427000+00:00,28.998,GET,/api/v1/stationservice/stations/id/{stationNameForId},200,false
d90d50061ff457b3286a368c4ecc21ae,search_g_train,1,f2626b58363cd884,ee43a177316b57fc,ts-station-service,GET /api/v1/stationservice/stations/id/{stationNameForId},server,2026-08-27T17:29:11.467000+00:00,82.28,GET,/api/v1/stationservice/stations/id/{stationNameForId},200,false
d90d50061ff457b3286a368c4ecc21ae,search_g_train,1,80407ae6750adfde,3d6841eb666c35b7,ts-station-service,GET /api/v1/stationservice/stations/id/{stationNameForId},server,2026-08-27T17:29:12.794000+00:00,33.226,GET,/api/v1/stationservice/stations/id/{stationNameForId},200,false
d90d50061ff457b3286a368c4ecc21ae,search_g_train,1,5c7e439584c22cf7,012e815981c203db,ts-station-service,GET /api/v1/stationservice/stations/id/{stationNameForId},server,2026-08-27T17:29:12.830000+00:00,27.257,GET,/api/v1/stationservice/stations/id/{stationNameForId},200,false
d90d50061ff457b3286a368c4ecc21ae,search_g_train,1,915e16651dbd44e6,df7f70c3394fcdda,ts-station-service,GET /api/v1/stationservice/stations/id/{stationNameForId},server,2026-08-27T17:29:13.166000+00:00,25.05,GET,/api/v1/stationservice/stations/id/{stationNameForId},200,false
d90d50061ff457b3286a368c4ecc21ae,search_g_train,1,c8532a0259d7f979,b56079252383169f,ts-station-service,GET /api/v1/stationservice/stations/id/{stationNameForId},server,2026-08-27T17:29:13.257000+00:00,15.725,GET,/api/v1/stationservice/stations/id/{stationNameForId},200,false
d90d50061ff457b3286a368c4ecc21ae,search_g_train,1,7c6d58b57ba581a2,8796412e9471cf49,ts-station-service,GET /api/v1/stationservice/stations/id/{stationNameForId},server,2026-08-27T17:29:14.191000+00:00,108.523,GET,/api/v1/stationservice/stations/id/{stationNameForId},200,false
d90d50061ff457b3286a368c4ecc21ae,search_g_train,1,32f340dd3eb62128,fc3954576190e544,ts-station-service,GET /api/v1/stationservice/stations/id/{stationNameForId},server,2026-08-27T17:29:14.368000+00:00,10.35,GET,/api/v1/stationservice/stations/id/{stationNameForId},200,false
d90d50061ff457b3286a368c4ecc21ae,search_g_train,1,1c357df90a92895f,2921aeebe79a1582,ts-train-service,find ts.trainType,client,2026-08-27T17:29:12.193107+00:00,137.234,,,,false
d90d50061ff457b3286a368c4ecc21ae,search_g_train,1,8cb8d7d85d33f20c,e11c21df212479db,ts-train-service,find ts.trainType,client,2026-08-27T17:29:12.358547+00:00,2.303,,,,false
d90d50061ff457b3286a368c4ecc21ae,search_g_train,1,9b82f8c02e321bd1,b02cec81aba4982d,ts-train-service,find ts.trainType,client,2026-08-27T17:29:13.599740+00:00,1.137,,,,false
d90d50061ff457b3286a368c4ecc21ae,search_g_train,1,2e64b7c4ad6efd50,313e4c053c2d7601,ts-train-service,find ts.trainType,client,2026-08-27T17:29:13.606430+00:00,2.86,,,,false
d90d50061ff457b3286a368c4ecc21ae,search_g_train,1,6af74f4ef44b66ec,a41a8bf5afa8bd26,ts-train-service,find ts.trainType,client,2026-08-27T17:29:14.616815+00:00,3.801,,,,false
d90d50061ff457b3286a368c4ecc21ae,search_g_train,1,26798442ffe39b85,3faabae88f4e0e87,ts-train-service,find ts.trainType,client,2026-08-27T17:29:14.628526+00:00,4.741,,,,false
d90d50061ff457b3286a368c4ecc21ae,search_g_train,1,15ea7a4e3a17592d,3176e976cea36526,ts-train-service,find ts.trainType,client,2026-08-27T17:29:14.828525+00:00,5.362,,,,false
d90d50061ff457b3286a368c4ecc21ae,search_g_train,1,548fc4b68978c5f8,1cb0fccec8796e6c,ts-train-service,find ts.trainType,client,2026-08-27T17:29:14.844815+00:00,7.597,,,,false
d90d50061ff457b3286a368c4ecc21ae,search_g_train,1,2921aeebe79a1582,efa1f87432a397d2,ts-train-service,TrainTypeRepository.findById,internal,2026-08-27T17:29:12.168886+00:00,167.509,,,,false
d90d50061ff457b3286a368c4ecc21ae,search_g_train,1,e11c21df212479db,efa1f87432a397d2,ts-train-service,TrainTypeRepository.findById,internal,2026-08-27T17:29:12.336677+00:00,25.559,,,,false
d90d50061ff457b3286a368c4ecc21ae,search_g_train,1,b02cec81aba4982d,af6230e1e09156a6,ts-train-service,TrainTypeRepository.findById,internal,2026-08-27T17:29:13.597075+00:00,4.702,,,,false
d90d50061ff457b3286a368c4ecc21ae,search_g_train,1,313e4c053c2d7601,af6230e1e09156a6,ts-train-service,TrainTypeRepository.findById,internal,2026-08-27T17:29:13.602003+00:00,8.596,,,,false
d90d50061ff457b3286a368c4ecc21ae,search_g_train,1,a41a8bf5afa8bd26,7f5fae07bef47149,ts-train-service,TrainTypeRepository.findById,internal,2026-08-27T17:29:14.613120+00:00,8.539,,,,false
d90d50061ff457b3286a368c4ecc21ae,search_g_train,1,3faabae88f4e0e87,7f5fae07bef47149,ts-train-service,TrainTypeRepository.findById,internal,2026-08-27T17:29:14.622191+00:00,12.576,,,,false
d90d50061ff457b3286a368c4ecc21ae,search_g_train,1,3176e976cea36526,82a1782c20949e78,ts-train-service,TrainTypeRepository.findById,internal,2026-08-27T17:29:14.822080+00:00,13.523,,,,false
d90d50061ff457b3286a368c4ecc21ae,search_g_train,1,1cb0fccec8796e6c,82a1782c20949e78,ts-train-service,TrainTypeRepository.findById,internal,2026-08-27T17:29:14.835913+00:00,17.277,,,,false
d90d50061ff457b3286a368c4ecc21ae,search_g_train,1,efa1f87432a397d2,c7338ba757c4795f,ts-train-service,GET /api/v1/trainservice/trains/{id},server,2026-08-27T17:29:12.126000+00:00,287.911,GET,/api/v1/trainservice/trains/{id},200,false
d90d50061ff457b3286a368c4ecc21ae,search_g_train,1,af6230e1e09156a6,3ad93e905fa608aa,ts-train-service,GET /api/v1/trainservice/trains/{id},server,2026-08-27T17:29:13.583000+00:00,33.281,GET,/api/v1/trainservice/trains/{id},200,false
d90d50061ff457b3286a368c4ecc21ae,search_g_train,1,7f5fae07bef47149,6339062f9b298f92,ts-train-service,GET /api/v1/trainservice/trains/{id},server,2026-08-27T17:29:14.595000+00:00,55.719,GET,/api/v1/trainservice/trains/{id},200,false
d90d50061ff457b3286a368c4ecc21ae,search_g_train,1,82a1782c20949e78,dd1ae825b99765c3,ts-train-service,GET /api/v1/trainservice/trains/{id},server,2026-08-27T17:29:14.795000+00:00,75.58,GET,/api/v1/trainservice/trains/{id},200,false
d90d50061ff457b3286a368c4ecc21ae,search_g_train,1,8f5873f3c5da0f87,2605ee86f87908b0,ts-seat-service,GET,client,2026-08-27T17:29:13.413337+00:00,52.446,GET,,200,false
d90d50061ff457b3286a368c4ecc21ae,search_g_train,1,57821d9370395c5d,2605ee86f87908b0,ts-seat-service,POST,client,2026-08-27T17:29:13.504326+00:00,53.737,POST,,200,false
d90d50061ff457b3286a368c4ecc21ae,search_g_train,1,5d237b6b623da8e1,2605ee86f87908b0,ts-seat-service,GET,client,2026-08-27T17:29:13.563719+00:00,49.763,GET,,200,false
d90d50061ff457b3286a368c4ecc21ae,search_g_train,1,59c374c440648f8c,2605ee86f87908b0,ts-seat-service,GET,client,2026-08-27T17:29:13.623470+00:00,124.598,GET,,200,false
d90d50061ff457b3286a368c4ecc21ae,search_g_train,1,bdf590b14173be98,d930aca760781b42,ts-seat-service,GET,client,2026-08-27T17:29:14.439226+00:00,32.063,GET,,200,false
d90d50061ff457b3286a368c4ecc21ae,search_g_train,1,339a747438a05f2f,d930aca760781b42,ts-seat-service,POST,client,2026-08-27T17:29:14.476577+00:00,92.41,POST,,200,false
d90d50061ff457b3286a368c4ecc21ae,search_g_train,1,57b915637b5c937e,d930aca760781b42,ts-seat-service,GET,client,2026-08-27T17:29:14.575956+00:00,75.18,GET,,200,false
d90d50061ff457b3286a368c4ecc21ae,search_g_train,1,aa9419afbf5ce54c,d930aca760781b42,ts-seat-service,GET,client,2026-08-27T17:29:14.661144+00:00,85.722,GET,,200,false
d90d50061ff457b3286a368c4ecc21ae,search_g_train,1,2605ee86f87908b0,b29a18a99d74c0f8,ts-seat-service,POST /api/v1/seatservice/seats/left_tickets,server,2026-08-27T17:29:13.314000+00:00,461.921,POST,/api/v1/seatservice/seats/left_tickets,200,false
d90d50061ff457b3286a368c4ecc21ae,search_g_train,1,d930aca760781b42,48bffe87ba347a4a,ts-seat-service,POST /api/v1/seatservice/seats/left_tickets,server,2026-08-27T17:29:14.419000+00:00,368.072,POST,/api/v1/seatservice/seats/left_tickets,200,false
d90d50061ff457b3286a368c4ecc21ae,search_g_train,1,94d8d3e471d5c4ff,bf1153b258f5f834,ts-travel-service,find ts.trip,client,2026-08-27T17:29:13.442308+00:00,12.457,,,,false
d90d50061ff457b3286a368c4ecc21ae,search_g_train,1,a1f6879f957beb5b,84dca593cbeb982a,ts-travel-service,find ts.trip,client,2026-08-27T17:29:13.579088+00:00,0.793,,,,false
d90d50061ff457b3286a368c4ecc21ae,search_g_train,1,06ec6a9f2db03e35,8e90e21176640fe3,ts-travel-service,find ts.trip,client,2026-08-27T17:29:14.448165+00:00,1.69,,,,false
d90d50061ff457b3286a368c4ecc21ae,search_g_train,1,33980d5aaaecf1b0,2c3ca654172a63c8,ts-travel-service,find ts.trip,client,2026-08-27T17:29:14.587299+00:00,1.761,,,,false
d90d50061ff457b3286a368c4ecc21ae,search_g_train,1,bf1153b258f5f834,7846565a79ab0466,ts-travel-service,TripRepository.findByTripId,internal,2026-08-27T17:29:13.434558+00:00,21.841,,,,false
d90d50061ff457b3286a368c4ecc21ae,search_g_train,1,84dca593cbeb982a,937fd96ba74bf8ae,ts-travel-service,TripRepository.findByTripId,internal,2026-08-27T17:29:13.578181+00:00,2.225,,,,false
d90d50061ff457b3286a368c4ecc21ae,search_g_train,1,8e90e21176640fe3,cfa1b5f21962b56b,ts-travel-service,TripRepository.findByTripId,internal,2026-08-27T17:29:14.446176+00:00,4.285,,,,false
d90d50061ff457b3286a368c4ecc21ae,search_g_train,1,2c3ca654172a63c8,7b44047fe5cc7ebe,ts-travel-service,TripRepository.findByTripId,internal,2026-08-27T17:29:14.585522+00:00,4.819,,,,false
d90d50061ff457b3286a368c4ecc21ae,search_g_train,1,7846565a79ab0466,8f5873f3c5da0f87,ts-travel-service,GET /api/v1/travelservice/routes/{tripId},server,2026-08-27T17:29:13.431000+00:00,41.342,GET,/api/v1/travelservice/routes/{tripId},200,false
d90d50061ff457b3286a368c4ecc21ae,search_g_train,1,937fd96ba74bf8ae,5d237b6b623da8e1,ts-travel-service,GET /api/v1/travelservice/train_types/{tripId},server,2026-08-27T17:29:13.575000+00:00,43.564,GET,/api/v1/travelservice/train_types/{tripId},200,false
d90d50061ff457b3286a368c4ecc21ae,search_g_train,1,cfa1b5f21962b56b,bdf590b14173be98,ts-travel-service,GET /api/v1/travelservice/routes/{tripId},server,2026-08-27T17:29:14.444000+00:00,26.906,GET,/api/v1/travelservice/routes/{tripId},200,false
d90d50061ff457b3286a368c4ecc21ae,search_g_train,1,7b44047fe5cc7ebe,57b915637b5c937e,ts-travel-service,GET /api/v1/travelservice/train_types/{tripId},server,2026-08-27T17:29:14.579000+00:00,73.799,GET,/api/v1/travelservice/train_types/{tripId},200,false
d90d50061ff457b3286a368c4ecc21ae,search_g_train,1,980089cf89b0c14a,237faaccf4abc4a0,ts-travel-service,POST /api/v1/travelservice/trips/left,server,2026-08-27T17:29:10.378000+00:00,4498.057,POST,/api/v1/travelservice/trips/left,200,false
d90d50061ff457b3286a368c4ecc21ae,search_g_train,1,15209744ba79ab23,980089cf89b0c14a,ts-travel-service,POST,client,2026-08-27T17:29:11.308644+00:00,1604.837,POST,,200,false
d90d50061ff457b3286a368c4ecc21ae,search_g_train,1,7d3f5a72ca3901f0,980089cf89b0c14a,ts-travel-service,GET,client,2026-08-27T17:29:12.923650+00:00,181.445,GET,,200,false
d90d50061ff457b3286a368c4ecc21ae,search_g_train,1,76c39c3ccde44310,980089cf89b0c14a,ts-travel-service,GET,client,2026-08-27T17:29:13.110679+00:00,91.526,GET,,200,false
d90d50061ff457b3286a368c4ecc21ae,search_g_train,1,7601197074adb773,980089cf89b0c14a,ts-travel-service,GET,client,2026-08-27T17:29:13.211528+00:00,81.129,GET,,200,false
d90d50061ff457b3286a368c4ecc21ae,search_g_train,1,fe9d00d343bd40f9,7846565a79ab0466,ts-travel-service,GET,client,2026-08-27T17:29:13.457401+00:00,7.648,GET,,200,false
d90d50061ff457b3286a368c4ecc21ae,search_g_train,1,3ad93e905fa608aa,937fd96ba74bf8ae,ts-travel-service,GET,client,2026-08-27T17:29:13.580760+00:00,34.249,GET,,200,false
d90d50061ff457b3286a368c4ecc21ae,search_g_train,1,b29a18a99d74c0f8,980089cf89b0c14a,ts-travel-service,POST,client,2026-08-27T17:29:13.296558+00:00,482.431,POST,,200,false
d90d50061ff457b3286a368c4ecc21ae,search_g_train,1,1486ad9672215d6a,980089cf89b0c14a,ts-travel-service,GET,client,2026-08-27T17:29:13.780969+00:00,538.864,GET,,200,false
d90d50061ff457b3286a368c4ecc21ae,search_g_train,1,35be94fb450e7326,980089cf89b0c14a,ts-travel-service,GET,client,2026-08-27T17:29:14.320623+00:00,92.318,GET,,200,false
d90d50061ff457b3286a368c4ecc21ae,search_g_train,1,54b15c750ca50299,cfa1b5f21962b56b,ts-travel-service,GET,client,2026-08-27T17:29:14.451708+00:00,11.59,GET,,200,false
d90d50061ff457b3286a368c4ecc21ae,search_g_train,1,6339062f9b298f92,7b44047fe5cc7ebe,ts-travel-service,GET,client,2026-08-27T17:29:14.590990+00:00,56.442,GET,,200,false
d90d50061ff457b3286a368c4ecc21ae,search_g_train,1,48bffe87ba347a4a,980089cf89b0c14a,ts-travel-service,POST,client,2026-08-27T17:29:14.415809+00:00,368.606,POST,,200,false
d90d50061ff457b3286a368c4ecc21ae,search_g_train,1,dd1ae825b99765c3,980089cf89b0c14a,ts-travel-service,GET,client,2026-08-27T17:29:14.787011+00:00,80.693,GET,,200,false
d90d50061ff457b3286a368c4ecc21ae,search_g_train,1,f2511f4c3e8188a9,bb205a28170d13c1,ts-config-service,find ts.config,client,2026-08-27T17:29:13.733574+00:00,1.844,,,,false
d90d50061ff457b3286a368c4ecc21ae,search_g_train,1,ee6cd3c65290e3d5,5afa58a26060da3e,ts-config-service,find ts.config,client,2026-08-27T17:29:14.728916+00:00,3.106,,,,false
d90d50061ff457b3286a368c4ecc21ae,search_g_train,1,d8a63bffb3f81501,59c374c440648f8c,ts-config-service,GET /api/v1/configservice/configs/{configName},server,2026-08-27T17:29:13.659000+00:00,94.127,GET,/api/v1/configservice/configs/{configName},200,false
d90d50061ff457b3286a368c4ecc21ae,search_g_train,1,f59a6a094e910ae3,aa9419afbf5ce54c,ts-config-service,GET /api/v1/configservice/configs/{configName},server,2026-08-27T17:29:14.687000+00:00,60.432,GET,/api/v1/configservice/configs/{configName},200,false
d90d50061ff457b3286a368c4ecc21ae,search_g_train,1,bb205a28170d13c1,d8a63bffb3f81501,ts-config-service,ConfigRepository.findByName,internal,2026-08-27T17:29:13.718416+00:00,18.983,,,,false
d90d50061ff457b3286a368c4ecc21ae,search_g_train,1,5afa58a26060da3e,f59a6a094e910ae3,ts-config-service,ConfigRepository.findByName,internal,2026-08-27T17:29:14.716285+00:00,16.514,,,,false
d90d50061ff457b3286a368c4ecc21ae,search_g_train,1,344c103489b2c215,a95d8ca6fd70e970,ts-price-service,find ts.price_config,client,2026-08-27T17:29:12.713813+00:00,28.908,,,,false
d90d50061ff457b3286a368c4ecc21ae,search_g_train,1,a95d8ca6fd70e970,0fb5263944fa3c15,ts-price-service,PriceConfigRepository.findByRouteIdAndTrainType,internal,2026-08-27T17:29:12.662357+00:00,84.986,,,,false
d90d50061ff457b3286a368c4ecc21ae,search_g_train,1,0fb5263944fa3c15,281d8651f82b114a,ts-price-service,GET /api/v1/priceservice/prices/{routeId}/{trainType},server,2026-08-27T17:29:12.488000+00:00,310.813,GET,/api/v1/priceservice/prices/{routeId}/{trainType},200,false
d90d50061ff457b3286a368c4ecc21ae,search_g_train,1,a985fc517db8bf5d,7d3f5a72ca3901f0,ts-order-service,GET /api/v1/orderservice/order/{travelDate}/{trainNumber},server,2026-08-27T17:29:12.954000+00:00,156.525,GET,/api/v1/orderservice/order/{travelDate}/{trainNumber},200,false
d90d50061ff457b3286a368c4ecc21ae,search_g_train,1,2ddd50bbe601f6b3,57821d9370395c5d,ts-order-service,POST /api/v1/orderservice/order/tickets,server,2026-08-27T17:29:13.530000+00:00,33.026,POST,/api/v1/orderservice/order/tickets,200,false
d90d50061ff457b3286a368c4ecc21ae,search_g_train,1,3b74e81fea8efb28,339a747438a05f2f,ts-order-service,POST /api/v1/orderservice/order/tickets,server,2026-08-27T17:29:14.496000+00:00,74.94,POST,/api/v1/orderservice/order/tickets,200,false
d90d50061ff457b3286a368c4ecc21ae,search_g_train,1,6198e2abc5f183a5,903b3cc921fcdfe9,ts-order-service,find ts.orders,client,2026-08-27T17:29:13.076355+00:00,8.232,,,,false
d90d50061ff457b3286a368c4ecc21ae,search_g_train,1,ba3eab0a5bd1b96a,50ba3887a1357615,ts-order-service,find ts.orders,client,2026-08-27T17:29:13.552152+00:00,3.812,,,,false
d90d50061ff457b3286a368c4ecc21ae,search_g_train,1,b9f7108cbe12ddac,364844c3037e70f3,ts-order-service,find ts.orders,client,2026-08-27T17:29:14.545643+00:00,12.682,,,,false
d90d50061ff457b3286a368c4ecc21ae,search_g_train,1,903b3cc921fcdfe9,a985fc517db8bf5d,ts-order-service,OrderRepository.findByTravelDateAndTrainNumber,internal,2026-08-27T17:29:13.055867+00:00,30.082,,,,false
d90d50061ff457b3286a368c4ecc21ae,search_g_train,1,50ba3887a1357615,2ddd50bbe601f6b3,ts-order-service,OrderRepository.findByTravelDateAndTrainNumber,internal,2026-08-27T17:29:13.544357+00:00,12.057,,,,false
d90d50061ff457b3286a368c4ecc21ae,search_g_train,1,364844c3037e70f3,3b74e81fea8efb28,ts-order-service,OrderRepository.findByTravelDateAndTrainNumber,internal,2026-08-27T17:29:14.535796+00:00,23.073,,,,false
eb46e17026bfa11dddddc2c9f5564c09,search_d_train,1,d53d8d92e51e8e70,9e128747585b8633,ts-travel2-service,find ts.trip,client,2026-08-27T17:29:23.741193+00:00,39.787,,,,false
eb46e17026bfa11dddddc2c9f5564c09,search_d_train,1,9e128747585b8633,5f3b21ab9eda0765,ts-travel2-service,TripRepository.findAll,internal,2026-08-27T17:29:23.737317+00:00,72.111,,,,false
eb46e17026bfa11dddddc2c9f5564c09,search_d_train,1,5f3b21ab9eda0765,4262cedb4c508199,ts-travel2-service,POST /api/v1/travel2service/trips/left,server,2026-08-27T17:29:22.915000+00:00,1938.7,POST,/api/v1/travel2service/trips/left,200,false
eb46e17026bfa11dddddc2c9f5564c09,search_d_train,1,eeaad78f7696881e,5f3b21ab9eda0765,ts-travel2-service,GET,client,2026-08-27T17:29:23.044834+00:00,461.696,GET,,200,false
eb46e17026bfa11dddddc2c9f5564c09,search_d_train,1,0f353e0dd87e1ee1,5f3b21ab9eda0765,ts-travel2-service,GET,client,2026-08-27T17:29:23.569094+00:00,156.713,GET,,200,false
eb46e17026bfa11dddddc2c9f5564c09,search_d_train,1,8c7d0438ee3ba64f,5f3b21ab9eda0765,ts-travel2-service,GET,client,2026-08-27T17:29:23.825259+00:00,42.904,GET,,200,false
eb46e17026bfa11dddddc2c9f5564c09,search_d_train,1,eb7650b496ec4642,5f3b21ab9eda0765,ts-travel2-service,GET,client,2026-08-27T17:29:23.983432+00:00,35.973,GET,,200,false
eb46e17026bfa11dddddc2c9f5564c09,search_d_train,1,a846bcbee4b180ac,5f3b21ab9eda0765,ts-travel2-service,GET,client,2026-08-27T17:29:24.135727+00:00,55.728,GET,,200,false
eb46e17026bfa11dddddc2c9f5564c09,search_d_train,1,503905dcbdb5dcd8,5f3b21ab9eda0765,ts-travel2-service,GET,client,2026-08-27T17:29:24.409131+00:00,59.823,GET,,200,false
eb46e17026bfa11dddddc2c9f5564c09,search_d_train,1,c9a8f8130c3906b9,5f3b21ab9eda0765,ts-travel2-service,GET,client,2026-08-27T17:29:24.655774+00:00,32.319,GET,,200,false
eb46e17026bfa11dddddc2c9f5564c09,search_d_train,1,631434529425ec33,9dbc35f6305b79da,ts-ticketinfo-service,GET,client,2026-08-27T17:29:23.429640+00:00,33.37,GET,,200,false
eb46e17026bfa11dddddc2c9f5564c09,search_d_train,1,8cf23af0cacaad25,ab0779c8096494e8,ts-ticketinfo-service,GET,client,2026-08-27T17:29:23.641233+00:00,70.486,GET,,200,false
eb46e17026bfa11dddddc2c9f5564c09,search_d_train,1,9dbc35f6305b79da,eeaad78f7696881e,ts-ticketinfo-service,GET /api/v1/ticketinfoservice/ticketinfo/{name},server,2026-08-27T17:29:23.348000+00:00,161.131,GET,/api/v1/ticketinfoservice/ticketinfo/{name},200,false
eb46e17026bfa11dddddc2c9f5564c09,search_d_train,1,ab0779c8096494e8,0f353e0dd87e1ee1,ts-ticketinfo-service,GET /api/v1/ticketinfoservice/ticketinfo/{name},server,2026-08-27T17:29:23.621000+00:00,93.03,GET,/api/v1/ticketinfoservice/ticketinfo/{name},200,false
eb46e17026bfa11dddddc2c9f5564c09,search_d_train,1,83f1e952e097369f,7f7105815ad49ddb,ts-station-service,StationRepository.findByName,internal,2026-08-27T17:29:23.451580+00:00,3.031,,,,false
eb46e17026bfa11dddddc2c9f5564c09,search_d_train,1,bc664eb09458e08c,3ce5b559ae285be7,ts-station-service,StationRepository.findByName,internal,2026-08-27T17:29:23.650481+00:00,4.649,,,,false
eb46e17026bfa11dddddc2c9f5564c09,search_d_train,1,225e287b042489c7,83f1e952e097369f,ts-station-service,find ts.station,client,2026-08-27T17:29:23.452593+00:00,1.289,,,,false
eb46e17026bfa11dddddc2c9f5564c09,search_d_train,1,f4faf3298fb66485,bc664eb09458e08c,ts-station-service,find ts.station,client,2026-08-27T17:29:23.651500+00:00,1.509,,,,false
eb46e17026bfa11dddddc2c9f5564c09,search_d_train,1,7f7105815ad49ddb,aa6791fd9e9c8841,ts-station-service,GET /api/v1/stationservice/stations/id/{stationNameForId},server,2026-08-27T17:29:23.447000+00:00,9.139,GET,/api/v1/stationservice/stations/id/{stationNameForId},200,false
eb46e17026bfa11dddddc2c9f5564c09,search_d_train,1,3ce5b559ae285be7,6458b9108bed43ce,ts-station-service,GET /api/v1/stationservice/stations/id/{stationNameForId},server,2026-08-27T17:29:23.648000+00:00,9.817,GET,/api/v1/stationservice/stations/id/{stationNameForId},200,false
eb46e17026bfa11dddddc2c9f5564c09,search_d_train,1,aa6791fd9e9c8841,0e263a0244a020e8,ts-basic-service,GET,client,2026-08-27T17:29:23.444807+00:00,10.638,GET,,200,false
eb46e17026bfa11dddddc2c9f5564c09,search_d_train,1,6458b9108bed43ce,9188f1b55a6422cb,ts-basic-service,GET,client,2026-08-27T17:29:23.646272+00:00,10.25,GET,,200,false
eb46e17026bfa11dddddc2c9f5564c09,search_d_train,1,0e263a0244a020e8,631434529425ec33,ts-basic-service,GET /api/v1/basicservice/basic/{stationName},server,2026-08-27T17:29:23.434000+00:00,24.254,GET,/api/v1/basicservice/basic/{stationName},200,false
eb46e17026bfa11dddddc2c9f5564c09,search_d_train,1,9188f1b55a6422cb,8cf23af0cacaad25,ts-basic-service,GET /api/v1/basicservice/basic/{stationName},server,2026-08-27T17:29:23.642000+00:00,70.546,GET,/api/v1/basicservice/basic/{stationName},200,false
eb46e17026bfa11dddddc2c9f5564c09,search_d_train,1,8717accef2cbabb8,a5f30c98607456ea,ts-route-service,find ts.routes,client,2026-08-27T17:29:23.862438+00:00,1.05,,,,false
eb46e17026bfa11dddddc2c9f5564c09,search_d_train,1,ccb0931bfc8a2ab2,b51010984310567b,ts-route-service,find ts.routes,client,2026-08-27T17:29:24.010455+00:00,0.996,,,,false
eb46e17026bfa11dddddc2c9f5564c09,search_d_train,1,53b002127a9bbd30,f3f506386b14524c,ts-route-service,find ts.routes,client,2026-08-27T17:29:24.166301+00:00,1.689,,,,false
eb46e17026bfa11dddddc2c9f5564c09,search_d_train,1,e9e53e55d6897d50,13a3f115753832dd,ts-route-service,find ts.routes,client,2026-08-27T17:29:24.442071+00:00,2.214,,,,false
eb46e17026bfa11dddddc2c9f5564c09,search_d_train,1,5c7490ede842c4c7,d2a82f9f116b1200,ts-route-service,find ts.routes,client,2026-08-27T17:29:24.681055+00:00,0.85,,,,false
eb46e17026bfa11dddddc2c9f5564c09,search_d_train,1,ca1d34a87d8f2771,8c7d0438ee3ba64f,ts-route-service,GET /api/v1/routeservice/routes/{routeId},server,2026-08-27T17:29:23.858000+00:00,7.715,GET,/api/v1/routeservice/routes/{routeId},200,false
eb46e17026bfa11dddddc2c9f5564c09,search_d_train,1,52c0494670c04c13,eb7650b496ec4642,ts-route-service,GET /api/v1/routeservice/routes/{routeId},server,2026-08-27T17:29:24.007000+00:00,6.357,GET,/api/v1/routeservice/routes/{routeId},200,false
eb46e17026bfa11dddddc2c9f5564c09,search_d_train,1,e68f77e17e85377f,a846bcbee4b180ac,ts-route-service,GET /api/v1/routeservice/routes/{routeId},server,2026-08-27T17:29:24.164000+00:00,5.596,GET,/api/v1/routeservice/routes/{routeId},200,false
eb46e17026bfa11dddddc2c9f5564c09,search_d_train,1,c1cbad9997297856,503905dcbdb5dcd8,ts-route-service,GET /api/v1/routeservice/routes/{routeId},server,2026-08-27T17:29:24.425000+00:00,22.183,GET,/api/v1/routeservice/routes/{routeId},200,false
eb46e17026bfa11dddddc2c9f5564c09,search_d_train,1,c0dfa07631ecda70,c9a8f8130c3906b9,ts-route-service,GET /api/v1/routeservice/routes/{routeId},server,2026-08-27T17:29:24.678000+00:00,5.489,GET,/api/v1/routeservice/routes/{routeId},200,false
eb46e17026bfa11dddddc2c9f5564c09,search_d_train,1,a5f30c98607456ea,ca1d34a87d8f2771,ts-route-service,RouteRepository.findById,internal,2026-08-27T17:29:23.860544+00:00,3.353,,,,false
eb46e17026bfa11dddddc2c9f5564c09,search_d_train,1,b51010984310567b,52c0494670c04c13,ts-route-service,RouteRepository.findById,internal,2026-08-27T17:29:24.009309+00:00,2.618,,,,false
eb46e17026bfa11dddddc2c9f5564c09,search_d_train,1,f3f506386b14524c,e68f77e17e85377f,ts-route-service,RouteRepository.findById,internal,2026-08-27T17:29:24.165316+00:00,3.071,,,,false
eb46e17026bfa11dddddc2c9f5564c09,search_d_train,1,13a3f115753832dd,c1cbad9997297856,ts-route-service,RouteRepository.findById,internal,2026-08-27T17:29:24.439900+00:00,5.343,,,,false
eb46e17026bfa11dddddc2c9f5564c09,search_d_train,1,d2a82f9f116b1200,c0dfa07631ecda70,ts-route-service,RouteRepository.findById,internal,2026-08-27T17:29:24.680069+00:00,2.191,,,,false
eea3bfc4096b7d02f4499208de8d9b4c,UNMATCHED,,52fa2aa808663ba2,a392e4908d4a367a,ts-travel2-service,GET,client,2026-08-27T17:24:02.491019+00:00,91.381,GET,,200,false
eea3bfc4096b7d02f4499208de8d9b4c,UNMATCHED,,0ab016a361262db6,f9f27b1a491f2512,ts-ticketinfo-service,GET,client,2026-08-27T17:24:02.517457+00:00,61.12,GET,,200,false
eea3bfc4096b7d02f4499208de8d9b4c,UNMATCHED,,a701932e947fb8f2,b6291a66c9d59439,ts-ticketinfo-service,GET,client,2026-08-27T17:24:02.636610+00:00,64.794,GET,,200,false
eea3bfc4096b7d02f4499208de8d9b4c,UNMATCHED,,f9f27b1a491f2512,52fa2aa808663ba2,ts-ticketinfo-service,GET /api/v1/ticketinfoservice/ticketinfo/{name},server,2026-08-27T17:24:02.511000+00:00,70.674,GET,/api/v1/ticketinfoservice/ticketinfo/{name},200,false
eea3bfc4096b7d02f4499208de8d9b4c,UNMATCHED,,b6291a66c9d59439,7d8be699d61c3c58,ts-ticketinfo-service,GET /api/v1/ticketinfoservice/ticketinfo/{name},server,2026-08-27T17:24:02.627000+00:00,77.73,GET,/api/v1/ticketinfoservice/ticketinfo/{name},200,false
eea3bfc4096b7d02f4499208de8d9b4c,UNMATCHED,,7541c738567e948f,41df904be43449a4,ts-basic-service,GET,client,2026-08-27T17:24:02.527347+00:00,48.021,GET,,200,false
eea3bfc4096b7d02f4499208de8d9b4c,UNMATCHED,,89634f94c4da2011,f75b6f8050022bcd,ts-basic-service,GET,client,2026-08-27T17:24:02.641655+00:00,53.773,GET,,200,false
eea3bfc4096b7d02f4499208de8d9b4c,UNMATCHED,,41df904be43449a4,0ab016a361262db6,ts-basic-service,GET /api/v1/basicservice/basic/{stationName},server,2026-08-27T17:24:02.524000+00:00,55.078,GET,/api/v1/basicservice/basic/{stationName},200,false
eea3bfc4096b7d02f4499208de8d9b4c,UNMATCHED,,f75b6f8050022bcd,a701932e947fb8f2,ts-basic-service,GET /api/v1/basicservice/basic/{stationName},server,2026-08-27T17:24:02.638000+00:00,62.345,GET,/api/v1/basicservice/basic/{stationName},200,false
eea3bfc4096b7d02f4499208de8d9b4c,UNMATCHED,,4de5ffd7891678b1,bd7b193ef42c20e5,ts-station-service,StationRepository.findByName,internal,2026-08-27T17:24:02.553052+00:00,8.361,,,,false
eea3bfc4096b7d02f4499208de8d9b4c,UNMATCHED,,e7920ca7153214fb,758dfe08d2917090,ts-station-service,StationRepository.findByName,internal,2026-08-27T17:24:02.669846+00:00,5.632,,,,false
eea3bfc4096b7d02f4499208de8d9b4c,UNMATCHED,,fed2555270b4bf24,4de5ffd7891678b1,ts-station-service,find ts.station,client,2026-08-27T17:24:02.557721+00:00,2.442,,,,false
eea3bfc4096b7d02f4499208de8d9b4c,UNMATCHED,,acf13067a56e7a3d,e7920ca7153214fb,ts-station-service,find ts.station,client,2026-08-27T17:24:02.671563+00:00,2.488,,,,false
eea3bfc4096b7d02f4499208de8d9b4c,UNMATCHED,,bd7b193ef42c20e5,7541c738567e948f,ts-station-service,GET /api/v1/stationservice/stations/id/{stationNameForId},server,2026-08-27T17:24:02.531000+00:00,55.985,GET,/api/v1/stationservice/stations/id/{stationNameForId},200,false
eea3bfc4096b7d02f4499208de8d9b4c,UNMATCHED,,758dfe08d2917090,89634f94c4da2011,ts-station-service,GET /api/v1/stationservice/stations/id/{stationNameForId},server,2026-08-27T17:24:02.644000+00:00,53.352,GET,/api/v1/stationservice/stations/id/{stationNameForId},200,false
eea3bfc4096b7d02f4499208de8d9b4c,UNMATCHED,,0d9f07688f347daa,ecaa01579a1d010b,ts-route-service,find ts.routes,client,2026-08-27T17:24:02.897026+00:00,1.124,,,,false
eea3bfc4096b7d02f4499208de8d9b4c,UNMATCHED,,7f638350a8e4f693,13f3081d582a5826,ts-route-service,find ts.routes,client,2026-08-27T17:24:03.162742+00:00,11.411,,,,false
eea3bfc4096b7d02f4499208de8d9b4c,UNMATCHED,,463be713cc529421,fe28b66106ebf1e2,ts-route-service,find ts.routes,client,2026-08-27T17:24:03.834465+00:00,0.968,,,,false
eea3bfc4096b7d02f4499208de8d9b4c,UNMATCHED,,3dc5c6ad5d53473c,fa5c2197b75b66f5,ts-route-service,find ts.routes,client,2026-08-27T17:24:04.435418+00:00,1.141,,,,false
eea3bfc4096b7d02f4499208de8d9b4c,UNMATCHED,,4695d9281516486f,c5f1703ded9d81a5,ts-route-service,find ts.routes,client,2026-08-27T17:24:04.596289+00:00,1.782,,,,false
eea3bfc4096b7d02f4499208de8d9b4c,UNMATCHED,,e0942f17f2fbe5e0,5f80dd949c759fc8,ts-route-service,GET /api/v1/routeservice/routes/{routeId},server,2026-08-27T17:24:02.894000+00:00,7.85,GET,/api/v1/routeservice/routes/{routeId},200,false
eea3bfc4096b7d02f4499208de8d9b4c,UNMATCHED,,93e61a2e5e383898,af5793bd463795db,ts-route-service,GET /api/v1/routeservice/routes/{routeId},server,2026-08-27T17:24:03.143000+00:00,34.224,GET,/api/v1/routeservice/routes/{routeId},200,false
eea3bfc4096b7d02f4499208de8d9b4c,UNMATCHED,,06782ba5186fa217,d66663c1eec3162d,ts-route-service,GET /api/v1/routeservice/routes/{routeId},server,2026-08-27T17:24:03.702000+00:00,134.817,GET,/api/v1/routeservice/routes/{routeId},200,false
eea3bfc4096b7d02f4499208de8d9b4c,UNMATCHED,,1fa0388440cbc186,6a7d2acc86ba4332,ts-route-service,GET /api/v1/routeservice/routes/{routeId},server,2026-08-27T17:24:03.961000+00:00,477.937,GET,/api/v1/routeservice/routes/{routeId},200,false
eea3bfc4096b7d02f4499208de8d9b4c,UNMATCHED,,f867643a9c3e18fd,234b31a73b6af10d,ts-route-service,GET /api/v1/routeservice/routes/{routeId},server,2026-08-27T17:24:04.584000+00:00,18.954,GET,/api/v1/routeservice/routes/{routeId},200,false
eea3bfc4096b7d02f4499208de8d9b4c,UNMATCHED,,ecaa01579a1d010b,e0942f17f2fbe5e0,ts-route-service,RouteRepository.findById,internal,2026-08-27T17:24:02.896043+00:00,2.521,,,,false
eea3bfc4096b7d02f4499208de8d9b4c,UNMATCHED,,13f3081d582a5826,93e61a2e5e383898,ts-route-service,RouteRepository.findById,internal,2026-08-27T17:24:03.160663+00:00,14.04,,,,false
eea3bfc4096b7d02f4499208de8d9b4c,UNMATCHED,,fe28b66106ebf1e2,06782ba5186fa217,ts-route-service,RouteRepository.findById,internal,2026-08-27T17:24:03.830607+00:00,5.113,,,,false
eea3bfc4096b7d02f4499208de8d9b4c,UNMATCHED,,fa5c2197b75b66f5,1fa0388440cbc186,ts-route-service,RouteRepository.findById,internal,2026-08-27T17:24:03.962747+00:00,474.309,,,,false
eea3bfc4096b7d02f4499208de8d9b4c,UNMATCHED,,c5f1703ded9d81a5,f867643a9c3e18fd,ts-route-service,RouteRepository.findById,internal,2026-08-27T17:24:04.585724+00:00,14.085,,,,false
eea3bfc4096b7d02f4499208de8d9b4c,UNMATCHED,,1d6f73cd929f66f9,93032940c16fb622,ts-travel2-service,find ts.trip,client,2026-08-27T17:24:02.763318+00:00,24.07,,,,false
eea3bfc4096b7d02f4499208de8d9b4c,UNMATCHED,,93032940c16fb622,a392e4908d4a367a,ts-travel2-service,TripRepository.findAll,internal,2026-08-27T17:24:02.754266+00:00,49.252,,,,false
eea3bfc4096b7d02f4499208de8d9b4c,UNMATCHED,,a392e4908d4a367a,e8c067be1f13c28f,ts-travel2-service,POST /api/v1/travel2service/trips/left,server,2026-08-27T17:24:02.456000+00:00,2191.172,POST,/api/v1/travel2service/trips/left,200,false
eea3bfc4096b7d02f4499208de8d9b4c,UNMATCHED,,7d8be699d61c3c58,a392e4908d4a367a,ts-travel2-service,GET,client,2026-08-27T17:24:02.602594+00:00,136.627,GET,,200,false
eea3bfc4096b7d02f4499208de8d9b4c,UNMATCHED,,5f80dd949c759fc8,a392e4908d4a367a,ts-travel2-service,GET,client,2026-08-27T17:24:02.879859+00:00,20.57,GET,,200,false
eea3bfc4096b7d02f4499208de8d9b4c,UNMATCHED,,af5793bd463795db,a392e4908d4a367a,ts-travel2-service,GET,client,2026-08-27T17:24:03.105601+00:00,71.471,GET,,200,false
eea3bfc4096b7d02f4499208de8d9b4c,UNMATCHED,,d66663c1eec3162d,a392e4908d4a367a,ts-travel2-service,GET,client,2026-08-27T17:24:03.699285+00:00,141.541,GET,,200,false
eea3bfc4096b7d02f4499208de8d9b4c,UNMATCHED,,6a7d2acc86ba4332,a392e4908d4a367a,ts-travel2-service,GET,client,2026-08-27T17:24:03.952986+00:00,499.245,GET,,200,false
eea3bfc4096b7d02f4499208de8d9b4c,UNMATCHED,,234b31a73b6af10d,a392e4908d4a367a,ts-travel2-service,GET,client,2026-08-27T17:24:04.573002+00:00,28.703,GET,,200,false
f4eb1dbd7210753c1ec0e21da2071e7a,login,1,216929b04f46b2df,afaa6fc0db7ad70b,ts-auth-service,find ts-auth-mongo.user,client,2026-08-27T17:29:08.682039+00:00,35.006,,,,false
f4eb1dbd7210753c1ec0e21da2071e7a,login,1,86b7be1c7211a3c4,ef326207e5e14e4c,ts-auth-service,find ts-auth-mongo.user,client,2026-08-27T17:29:08.827504+00:00,4.004,,,,false
f4eb1dbd7210753c1ec0e21da2071e7a,login,1,c8c4fab3d77dac4f,0de5c4e0f57df163,ts-auth-service,POST /api/v1/users/login,server,2026-08-27T17:29:08.337000+00:00,550.581,POST,/api/v1/users/login,200,false
f4eb1dbd7210753c1ec0e21da2071e7a,login,1,afaa6fc0db7ad70b,c8c4fab3d77dac4f,ts-auth-service,UserRepository.findByUsername,internal,2026-08-27T17:29:08.662911+00:00,57.471,,,,false
f4eb1dbd7210753c1ec0e21da2071e7a,login,1,ef326207e5e14e4c,c8c4fab3d77dac4f,ts-auth-service,UserRepository.findByUsername,internal,2026-08-27T17:29:08.812980+00:00,20.718,,,,false
f4eb1dbd7210753c1ec0e21da2071e7a,login,1,45d4fb15750eceae,c8c4fab3d77dac4f,ts-auth-service,GET,client,2026-08-27T17:29:08.403987+00:00,229.713,GET,,200,false
f4eb1dbd7210753c1ec0e21da2071e7a,login,1,253b814fcaeffa67,45d4fb15750eceae,ts-verification-code-service,GET /api/v1/verifycode/verify/{verifyCode},server,2026-08-27T17:29:08.456000+00:00,183.909,GET,/api/v1/verifycode/verify/{verifyCode},200,false
fdfa5e80cbab43665b8796830ff46477,UNMATCHED,,89b42a038776904e,94fdc0e58e0057e5,ts-station-service,StationRepository.findByName,internal,2026-08-27T17:23:59.533086+00:00,8.267,,,,false
fdfa5e80cbab43665b8796830ff46477,UNMATCHED,,79a0a927cabaaf99,725e797b8dc2e6ba,ts-station-service,StationRepository.findByName,internal,2026-08-27T17:23:59.776548+00:00,3.749,,,,false
fdfa5e80cbab43665b8796830ff46477,UNMATCHED,,c0628181dc4e652f,89b42a038776904e,ts-station-service,find ts.station,client,2026-08-27T17:23:59.537917+00:00,2.284,,,,false
fdfa5e80cbab43665b8796830ff46477,UNMATCHED,,c9c042337c3be704,79a0a927cabaaf99,ts-station-service,find ts.station,client,2026-08-27T17:23:59.777894+00:00,1.516,,,,false
fdfa5e80cbab43665b8796830ff46477,UNMATCHED,,94fdc0e58e0057e5,c440d773f3f5e04a,ts-station-service,GET /api/v1/stationservice/stations/id/{stationNameForId},server,2026-08-27T17:23:59.527000+00:00,18.677,GET,/api/v1/stationservice/stations/id/{stationNameForId},200,false
fdfa5e80cbab43665b8796830ff46477,UNMATCHED,,725e797b8dc2e6ba,4ecb4d7d4f591df8,ts-station-service,GET /api/v1/stationservice/stations/id/{stationNameForId},server,2026-08-27T17:23:59.773000+00:00,10.16,GET,/api/v1/stationservice/stations/id/{stationNameForId},200,false
fdfa5e80cbab43665b8796830ff46477,UNMATCHED,,c440d773f3f5e04a,a5e3ae7383baa5ae,ts-basic-service,GET,client,2026-08-27T17:23:59.525212+00:00,22.174,GET,,200,false
fdfa5e80cbab43665b8796830ff46477,UNMATCHED,,4ecb4d7d4f591df8,492e999fe3ba0a66,ts-basic-service,GET,client,2026-08-27T17:23:59.768588+00:00,13.529,GET,,200,false
fdfa5e80cbab43665b8796830ff46477,UNMATCHED,,a5e3ae7383baa5ae,822cb171c0f7474e,ts-basic-service,GET /api/v1/basicservice/basic/{stationName},server,2026-08-27T17:23:59.508000+00:00,42.826,GET,/api/v1/basicservice/basic/{stationName},200,false
fdfa5e80cbab43665b8796830ff46477,UNMATCHED,,492e999fe3ba0a66,914ae828760ed3d0,ts-basic-service,GET /api/v1/basicservice/basic/{stationName},server,2026-08-27T17:23:59.760000+00:00,40.697,GET,/api/v1/basicservice/basic/{stationName},200,false
fdfa5e80cbab43665b8796830ff46477,UNMATCHED,,822cb171c0f7474e,13972315ac924f1c,ts-ticketinfo-service,GET,client,2026-08-27T17:23:59.503567+00:00,46.725,GET,,200,false
fdfa5e80cbab43665b8796830ff46477,UNMATCHED,,914ae828760ed3d0,0df9a29270939e1b,ts-ticketinfo-service,GET,client,2026-08-27T17:23:59.754184+00:00,45.217,GET,,200,false
fdfa5e80cbab43665b8796830ff46477,UNMATCHED,,13972315ac924f1c,ecb8a26c913083a4,ts-ticketinfo-service,GET /api/v1/ticketinfoservice/ticketinfo/{name},server,2026-08-27T17:23:59.496000+00:00,62.933,GET,/api/v1/ticketinfoservice/ticketinfo/{name},200,false
fdfa5e80cbab43665b8796830ff46477,UNMATCHED,,0df9a29270939e1b,cb9a5a421d72f49c,ts-ticketinfo-service,GET /api/v1/ticketinfoservice/ticketinfo/{name},server,2026-08-27T17:23:59.610000+00:00,198.423,GET,/api/v1/ticketinfoservice/ticketinfo/{name},200,false
fdfa5e80cbab43665b8796830ff46477,UNMATCHED,,63f252a2fb11fe2a,93b13a110501781f,ts-travel2-service,find ts.trip,client,2026-08-27T17:23:59.909453+00:00,13.686,,,,false
fdfa5e80cbab43665b8796830ff46477,UNMATCHED,,93b13a110501781f,81d841bec29fd3a8,ts-travel2-service,TripRepository.findAll,internal,2026-08-27T17:23:59.846504+00:00,99.986,,,,false
fdfa5e80cbab43665b8796830ff46477,UNMATCHED,,81d841bec29fd3a8,76c19e45929df96a,ts-travel2-service,POST /api/v1/travel2service/trips/left,server,2026-08-27T17:23:59.429000+00:00,1468.477,POST,/api/v1/travel2service/trips/left,200,false
fdfa5e80cbab43665b8796830ff46477,UNMATCHED,,ecb8a26c913083a4,81d841bec29fd3a8,ts-travel2-service,GET,client,2026-08-27T17:23:59.485203+00:00,70.266,GET,,200,false
fdfa5e80cbab43665b8796830ff46477,UNMATCHED,,cb9a5a421d72f49c,81d841bec29fd3a8,ts-travel2-service,GET,client,2026-08-27T17:23:59.591675+00:00,216.918,GET,,200,false
fdfa5e80cbab43665b8796830ff46477,UNMATCHED,,424657d663414d51,81d841bec29fd3a8,ts-travel2-service,GET,client,2026-08-27T17:23:59.962865+00:00,19.709,GET,,200,false
fdfa5e80cbab43665b8796830ff46477,UNMATCHED,,cf42d49f77116d4d,81d841bec29fd3a8,ts-travel2-service,GET,client,2026-08-27T17:24:00.117153+00:00,152.344,GET,,200,false
fdfa5e80cbab43665b8796830ff46477,UNMATCHED,,3ce3d58f3bc31ac0,81d841bec29fd3a8,ts-travel2-service,GET,client,2026-08-27T17:24:00.360369+00:00,32.9,GET,,200,false
fdfa5e80cbab43665b8796830ff46477,UNMATCHED,,9783adcc8e678286,81d841bec29fd3a8,ts-travel2-service,GET,client,2026-08-27T17:24:00.568818+00:00,19.813,GET,,200,false
fdfa5e80cbab43665b8796830ff46477,UNMATCHED,,ac401c284cb5594d,81d841bec29fd3a8,ts-travel2-service,GET,client,2026-08-27T17:24:00.635417+00:00,103.242,GET,,200,false
fdfa5e80cbab43665b8796830ff46477,UNMATCHED,,ad2e97cd45ade031,ca9b441f75b7f034,ts-route-service,find ts.routes,client,2026-08-27T17:23:59.976332+00:00,1.449,,,,false
fdfa5e80cbab43665b8796830ff46477,UNMATCHED,,4a914a4a0cd3fa17,1c2caee6330dde19,ts-route-service,find ts.routes,client,2026-08-27T17:24:00.255338+00:00,2.013,,,,false
fdfa5e80cbab43665b8796830ff46477,UNMATCHED,,82a46a7833bc41de,c6dd40f34aa18a68,ts-route-service,find ts.routes,client,2026-08-27T17:24:00.372149+00:00,9.197,,,,false
fdfa5e80cbab43665b8796830ff46477,UNMATCHED,,b4e9bffefc3900e2,fe8ec22c67b18287,ts-route-service,find ts.routes,client,2026-08-27T17:24:00.577629+00:00,1.421,,,,false
fdfa5e80cbab43665b8796830ff46477,UNMATCHED,,fb79aae2004ab4b8,61cb18bbf917751d,ts-route-service,find ts.routes,client,2026-08-27T17:24:00.729309+00:00,1.066,,,,false
fdfa5e80cbab43665b8796830ff46477,UNMATCHED,,c8516396c74287f8,424657d663414d51,ts-route-service,GET /api/v1/routeservice/routes/{routeId},server,2026-08-27T17:23:59.972000+00:00,9.34,GET,/api/v1/routeservice/routes/{routeId},200,false
fdfa5e80cbab43665b8796830ff46477,UNMATCHED,,3a62789b6fe54ca5,cf42d49f77116d4d,ts-route-service,GET /api/v1/routeservice/routes/{routeId},server,2026-08-27T17:24:00.217000+00:00,51.627,GET,/api/v1/routeservice/routes/{routeId},200,false
fdfa5e80cbab43665b8796830ff46477,UNMATCHED,,6b089102ac495e05,3ce3d58f3bc31ac0,ts-route-service,GET /api/v1/routeservice/routes/{routeId},server,2026-08-27T17:24:00.363000+00:00,29.655,GET,/api/v1/routeservice/routes/{routeId},200,false
fdfa5e80cbab43665b8796830ff46477,UNMATCHED,,d9abe9dac31fba03,9783adcc8e678286,ts-route-service,GET /api/v1/routeservice/routes/{routeId},server,2026-08-27T17:24:00.572000+00:00,14.329,GET,/api/v1/routeservice/routes/{routeId},200,false
fdfa5e80cbab43665b8796830ff46477,UNMATCHED,,8a7e90949a2193f4,ac401c284cb5594d,ts-route-service,GET /api/v1/routeservice/routes/{routeId},server,2026-08-27T17:24:00.645000+00:00,88.729,GET,/api/v1/routeservice/routes/{routeId},200,false
fdfa5e80cbab43665b8796830ff46477,UNMATCHED,,ca9b441f75b7f034,c8516396c74287f8,ts-route-service,RouteRepository.findById,internal,2026-08-27T17:23:59.975166+00:00,3.234,,,,false
fdfa5e80cbab43665b8796830ff46477,UNMATCHED,,1c2caee6330dde19,3a62789b6fe54ca5,ts-route-service,RouteRepository.findById,internal,2026-08-27T17:24:00.248156+00:00,9.88,,,,false
fdfa5e80cbab43665b8796830ff46477,UNMATCHED,,c6dd40f34aa18a68,6b089102ac495e05,ts-route-service,RouteRepository.findById,internal,2026-08-27T17:24:00.368111+00:00,15.696,,,,false
fdfa5e80cbab43665b8796830ff46477,UNMATCHED,,fe8ec22c67b18287,d9abe9dac31fba03,ts-route-service,RouteRepository.findById,internal,2026-08-27T17:24:00.575861+00:00,3.673,,,,false
fdfa5e80cbab43665b8796830ff46477,UNMATCHED,,61cb18bbf917751d,8a7e90949a2193f4,ts-route-service,RouteRepository.findById,internal,2026-08-27T17:24:00.727957+00:00,3.08,,,,false
